company,plantlocation,market,zipcode,numberkilns,finishgrindingcapacity,year,fuel,process,clinkercapacitytonsday,clinkercapacitytonsyear,id
"Blue Circle","Harleyville","0","30318","1","0","1963","C","Dry",1618.775,1461,1
"Cemex","Clinchfield","0","37924","1","0","1974","C","Dry",1564.675,1396,2
"Giant Cement","Harleyville","0","29448","1","0","1951","CA","Wet",885.855,788,4
"Holnam Cement","Holly Hill","0","29059","1","0","1966","C","Wet",1026.38,932,6
"Rc Cement","Chattanooga","0","37405","1","0","1956","CK","Wet",430.7,400,11
"Roanoke Cement","Cloverdale","0","24077","1","0","1996","C","Dry",1241.365,1105,12
"Allentown Cement","Blandon","1","19510","1","0","1965","C","Dry",912.5,774,13
"Capitol Cement","Martinsburg","1","25401","1","0","1955","CK","Wet",945.715,868,14
"Essroc Materials","Nazareth I","1","21717","1","0","1949","C","Dry",2373.595,2015,15
"Giant Cement","Bath","1","18014","1","0","1956","CA","Wet",647.51,570,16
"Independent Cement","Hagerstown","1","21742","1","0","1971","C","Dry",525.235,463,17
"Lafarge","Whitehall","1","18052","1","0","1953","C","Dry",835.855,476,18
"Lehigh Cement Company","Union Bridge","1","21791","1","0","1957","C","Dry",1159.24,993,19
"Rc Cement","Stockertown","1","18083","1","0","1979","KO","Dry",1050.835,907,23
"Blue Circle","Calera","2","35040","1","0","1956","CG","Dry",651.16,594,25
"Holnam Cement","Theodore","2","39736","1","0","1974","C","Dry",2006.77,1740,26
"Lafarge","Demopolis","2","36732","1","0","1977","C","Dry",943.525,853,28
"Lehigh Cement Company","Leeds","2","35094","1","0","1976","C","Dry",761.39,636,29
"National Cement Co Of Alabama","Ragland","2","35131","1","0","1975","C","Dry",1010.32,952,31
"Centex","La Salle","3","61301","1","0","1974","K","Dry",612.47,552,34
"Essroc Materials","Logansport","3","46947","1","0","1962","KA","Wet",496.4,422,35
"Lafarge","Buffalo","3","52808","1","0","1981","C","Dry",1085.51,925,36
"Lone Star","Greencastle","3","61348","1","0","1969","CA","Wet",1340.645,1194,37
"Marquette","Dixon","3","61021","1","0","1957","C","Dry",534.36,513,38
"Cemex","Xenia","4","45385","1","0","1974","C","Dry",699.34,623,40
"Essroc Materials","Speed","4","47172","1","0","1972","C","Dry",1044.995,887,42
"Kosmos Cement","Louisville","4","40272","1","0","1974","C","Dry",827.82,748,43
"Lehigh Cement Company","Mitchell","4","47446","1","0","1960","C","Dry",711.75,654,44
"Ash Grove Cement","Foreman","5","71836","1","0","1958","C","Wet",883.665,794,47
"Blue Circle","Tulsa","5","74116","1","0","1961","C","Dry",662.11,590,48
"Holnam Cement","Midlothian","5","76065","1","0","1958","C","Dry",1777.55,1691,51
"Lehigh Cement Company","Waco","5","76712","1","0","1968","K","Wet",99.28,90,52
"North Texas Cement","Midlothian","5","76065","1","0","1966","C","Wet",844.245,768,53
"Texas Industries","Midlothian","5","76065","1","0","1960","CA","Wet",1216.18,1144,55
"Cemex","Lyons","6","80540","1","0","1980","C","Dry",500.05,454,56
"Centex","Laramie","6","82070","1","0","1986","C","Dry",596.045,539,57
"Dacotah Cement","Rapid City","6","57709","1","0","1955","C","Dry",993.53,812,58
"Holnam Cement","Florence","6","81226","1","0","1947","C","Wet",1343.93,1207,59
"Holnam Cement","Dundee","7","48131","1","0","1959","C","Wet",1043.17,836,63
"Lafarge","Alpena","7","49707","1","0","1956","CK","Dry",2840.43,2639,64
"Medusa Cement","Charlevoix","7","49720","1","0","1979","C","Dry",1489.93,1237,66
"Florida Crushed Stone","Brooksville","8","34601","1","0","1987","C","Dry",643.495,591,68
"Florida Rock Industries","Newberry","8","32669","1","0","2000","C","Dry",761.39,668,69
"Rinker Portland Cement","Miami","8","33165","1","0","1958","CK","Wet",549.69,494,71
"Southdown","Brooksville","8","33605","1","0","1976","C","Dry",1357.07,1234,72
"Tarmac America","Medley","8","33178","1","0","1968","C","Wet",860.67,811,74
"Ash Grove Cement","Louisville","9","68037","1","0","1964","C","Dry",1482.995,1283,75
"Lafarge","Sugar Creek","9","66736","1","0","1921","C","Dry",931.48,851,77
"Lone Star","Pryor","9","74362","1","0","1960","CK","Dry",678.535,622,78
"Monarch Cement","Humboldt","9","66748","1","0","1957","CK","Dry",753.36,639,80
"Rc Cement","Independence","9","67301","1","0","1917","K","Dry",363.54,308,81
"California Portland Cement","Mojave","10","93502","1","0","1962","C","Dry",2003.12,1804,82
"Cemex","Victorville","10","92392","1","0","1965","C","Dry",2026.115,1820,83
"Lehigh Cement Company","Tehachapi","10","93548","1","0","1991","C","Dry",964.33,869,84
"Mitsubishi Cement","Lucerne Valley","10","92356","1","0","1982","CK","Dry",1721.34,1580,85
"National Cement Co Of California","Encino","10","93243","1","0","1999","K","Dry",1059.23,998,86
"Royal Cement","Logandale","10","87021","1","0","1995","C","Dry",198.56,177,88
"Texas Industries","Oro Grande","10","92510","1","0","1948","CK","Dry",1296.115,1244,89
"Holnam Cement","Mason City","11","50401","1","0","1966","C","Dry",976.74,842,90
"Lehigh Cement Company","Mason City","11","50401","1","0","1978","C","Dry",860.67,755,91
"Blue Circle","Ravena","12","12143","1","0","1962","C","Wet",1887.05,1688,93
"Dragon","Thomaston","12","4861","1","0","1971","CK","Wet",446.76,392,94
"Glens Falls Cement","Glens Falls","12","12801","1","0","1973","C","Dry",579.255,492,95
"Independent Cement","Catskill","12","12414","1","0","1964","C","Wet",609.185,519,96
"Ash Grove Cement","Nephi","13","84648","1","0","1981","C","Dry",860.67,731,98
"California Portland Cement","Rillito","13","85654","1","0","1949","C","Dry",1311.445,1112,99
"Phoenix Cement","Clarkdale","13","86324","1","0","1959","CK","Dry",595.68,566,100
"Rio Grande Cement","Tijeras","13","87059","1","0","1959","C","Dry",463.55,432,101
"Armstrong Cement","Cabot","14","16023","1","0","1926","C","Wet",337.99,294,103
"Essroc Materials","Bessemer","14","16112","1","0","1961","C","Wet",628.895,534,104
"Kosmos Cement","Pittsburgh","14","15225","1","0","1963","C","Wet",364.27,349,105
"Medusa Cement","Wampum","14","16157","1","0","1959","C","Dry",858.115,787,106
"Ash Grove Cement","Durkee","15","97905","1","0","1928","G","Dry",1537.745,1350,107
"Holnam Cement","Morgan","15","84050","1","0","1973","C","Dry",1057.405,924,108
"Alamo Cement","San Antonio","16","78265","1","0","1981","CK","Dry",877.46,798,112
"Capitol Aggregates","San Antonio","16","78265","1","0","1965","GK","Dry",959.95,868,114
"Cemex","New Braunfels","16","78132","1","0","1980","CK","Dry",976.74,880,115
"Lone Star","Sweetwater","16","79556","1","0","1971","CK","Dry",497.13,441,120
"Southdown","Odessa","16","79760","1","0","1959","C","Dry",562.465,517,121
"Texas Cement","Buda","16","78610","1","0","1978","C","Dry",1158.875,1067,122
"Texas Industries","New Braunfels","16","78132","1","0","1979","C","Dry",839.135,770,123
"Centex","Fernley","17","89408","1","0","1964","CK","Dry",485.45,450,124
"Kaiser Cement","Cupertino","17","95014","1","0","1981","C","Dry",1688.49,1543,125
"Lehigh Cement Company","Redding","17","96003","1","0","1981","C","Dry",695.325,590,126
"Rmc Pacific Materials","Davenport","17","95017","1","0","1981","C","Dry",860.67,755,127
"Ash Grove Cement","Seattle","18","98134","1","0","1992","C","Dry",794.605,675,128
"Lafarge","Seattle","18","98134","1","0","1967","CK","Wet",453.695,345,130
"Continental Cement","Hannibal","19","63401","1","0","1965","CG","Wet",602.615,545,135
"Holnam Cement","Clarksville","19","63336","1","0","1967","K","Wet",1324.22,1179,136
"Lafarge","Grand Chain","19","62941","1","0","1963","C","Dry",1246.475,1099,137
"Lone Star","Cape Girardeau","19","63701","1","0","1981","C","Dry",1324.22,1175,138
"Rc Cement","Festus","19","63028","1","0","1965","K","Dry",1350.5,1184,140
