company,plantlocation,market,zipcode,numberkilns,finishgrindingcapacity,year,fuel,process,clinkercapacitytonsday,clinkercapacitytonsyear,id
"Blue Circle","Atlanta","0","30318","1","760","1963","CK","Dry",645.689,556,1
"Cemex","Knoxville","0","37924","1","650","1979","C(GA)","Dry",640.7221,544,2
"Giant Cement","Harleyville","0","29448","1","950","1951","C(A)","Wet",885.7529,788,4
"Gifford Hill","Harleyville","0","29448","1","700","1974","C(OG)","Dry",658.9338,560,5
"Holnam Cement","Holly Hill","0","29059","1","1740","1966","CKA(OG)","Wet",1100.982,991,6
"Medusa Cement","Clinchfield","0","31013","1","809","1961","C(A)","Dry",793.0384,695,10
"Rc Cement","Chattanooga","0","37405","1","477","1956","CK","Wet",445.0286,408,11
"Roanoke Cement","Cloverdale","0","24077","1","0","1951","C","Dry",1105.949,1014,12
"Allentown Cement","Blandon","1","19510","1","1100","1965","CK","Dry",993.3676,844,13
"Capitol Cement","Martinsburg","1","25401","1","900","1955","C","Wet",808.2701,746,14
"Essroc Materials","Nazareth I","1","21769","1","1635","1956","C","Dry",1547.667,1210,15
"Giant Cement","Bath","1","18014","1","650","1956","CA(O)","Wet",620.5236,546,16
"Independent Cement","Hagerstown","1","21742","1","550","1971","G(A)","Dry",525.4915,452,17
"Lafarge","Whitehall","1","18052","1","800","1956","C(OK)","Dry",784.7604,689,18
"Lehigh Cement Company","Union Bridge","1","21791","1","0","1957","C(A)","Dry",1059.592,900,19
"Lone Star","Nazareth","1","18064","1","658","1949","C","Dry",629.1328,565,20
"Rc Cement","Stockertown","1","18083","1","0","1955","K(C)","Dry",701.9797,655,23
"Blue Circle","Calera","2","35040","1","680","1956","C(GK)","Dry",596.0206,544,25
"Holnam Cement","Theodore","2","39736","1","2350","1974","C(OG)","Dry",2023.159,1765,26
"Lafarge","Demopolis","2","36732","1","825","1977","C(GA)","Dry",761.5818,655,28
"Lehigh Cement Company","Leeds","2","35094","1","730","1976","C(G)","Dry",695.3573,591,29
"National Cement Co Of Alabama","Ragland","2","35131","1","1000","1975","C(G)","Dry",860.9186,767,31
"Centex","La Salle","3","61301","1","500","1974","C(G)","Dry",417.2144,372,34
"Essroc Materials","Logansport","3","46947","1","430","1962","K(A)","Wet",476.8164,366,35
"Lafarge","Buffalo","3","52808","1","1200","1981","C","Dry",860.9186,778,36
"Lone Star","Greencastle","3","61348","1","1245","1969","CA(O)","Wet",1241.709,1071,37
"Marquette","Dixon","3","61021","1","0","1956","C(G)","Dry",537.0809,474,38
"Monarch Cement","Des Moines","3","50321","1","300","1941","CK(G)","Wet",347.6786,272,39
"Cemex","Xenia","4","45324","1","680","1974","C(OA)","Dry",602.9741,553,40
"Columbia Portland","East Fultonham","4","43735","1","550","1957","C","Wet",662.245,547,41
"Essroc Materials","Speed","4","47172","1","1075","1972","C","Dry",983.4339,862,42
"Kosmos Cement","Louisville","4","40272","1","735","1974","C(O)","Dry",715.2247,657,43
"Lehigh Cement Company","Mitchell","4","47446","1","0","1960","C(G)","Dry",811.2501,689,44
"Ash Grove Cement","Foreman","5","71836","1","1010","1958","C(GKA)","Wet",1009.924,858,47
"Blue Circle","Tulsa","5","74116","1","600","1961","C","Dry",611.2522,544,48
"Boxcrow Cement","Midlothian","5","78265","1","1000","1987","G(C)","Dry",1026.48,907,49
"Holnam Cement","Ada","5","74820","1","575","1929","G(C)","Wet",962.5732,879,51
"North Texas Cement","Midlothian","5","76065","1","900","1966","CKA(G)","Wet",945.6861,816,53
"Texas Industries","Midlothian","5","79760","1","1300","1960","CA(OG)","Wet",1258.266,1140,55
"Cemex","Lyons","6","80540","1","475","1980","G(CA)","Dry",480.1277,408,56
"Centex","Laramie","6","82070","1","670","1988","C(G)","Dry",463.5715,418,57
"Dacotah Cement","Rapid City","6","57709","1","1600","1955","C(G)","Dry",844.3625,694,58
"Holnam Cement","Florence","6","81226","1","530","1946","C(G)","Wet",1350.98,1228,59
"Holnam Cement","Dundee","7","48131","1","1100","1959","CK","Wet",976.8114,880,63
"Lafarge","Alpena","7","49707","1","555","1956","CK(A)","Dry",2573.484,2215,64
"Medusa Cement","Charlevoix","7","49720","1","1370","1980","C","Dry",1456.939,1237,66
"St Marys Cement","Detroit","7","48209","1","1080","1972","C(A)","Wet",662.2451,553,67
"Florida Crushed Stone","Brooksville","8","34601","1","600","1987","C","Dry",596.0206,518,68
"Rinker Portland Cement","Miami","8","33165","1","0","1958","C(GA)","Wet",552.3124,512,71
"Southdown","Brooksville","8","33605","1","1320","1976","C(O)","Dry",1281.444,1088,72
"Tarmac America","Medley","8","33012","1","1090","1969","C(O)","Wet",1035.089,933,74
"Ash Grove Cement","Louisville","9","68037","1","1202","1964","C(GKA)","Dry",1556.276,1322,75
"Lafarge","Sugar Creek","9","66736","1","911","1921","CK(GK)","Dry",903.9646,785,77
"Lone Star","Pryor","9","74362","1","693","1960","CK(G)","Dry",678.8012,624,78
"Monarch Cement","Humboldt","9","66748","1","1000","1957","CK(G)","Dry",720.1915,611,80
"Rc Cement","Independence","9","67301","1","0","1917","CK(GA)","Dry",331.1225,304,81
"California Portland Cement","Mojave","10","93502","1","1577","1963","C(OG)","Dry",1768.194,1623,82
"Cemex","Victorville","10","92392","1","1650","1965","C(OG)","Dry",1655.613,1406,83
"Lehigh Cement Company","Tehachapi","10","93548","1","450","1974","C","Wet",453.6378,386,84
"Mitsubishi Cement","Lucerne Valley","10","92356","1","1700","1982","C(G)","Dry",1721.837,1514,85
"National Cement Co Of California","Encino","10","93243","1","700","1966","K(A)","Dry",662.2451,590,86
"Texas Industries","Oro Grande","10","92368","1","0","1948","C","Dry",1196.014,1043,89
"Holnam Cement","Mason City","11","46135","1","900","1964","C(G)","Dry",918.865,806,90
"Lehigh Cement Company","Mason City","11","50401","1","875","1978","C(GK)","Dry",811.2502,689,91
"Blue Circle","Ravena","12","12143","1","1631","1953","CK(C)","Wet",1635.745,1390,93
"Dragon","Thomaston","12","4861","1","700","1971","C(OA)","Wet",456.9491,413,94
"Glens Falls Cement","Glens Falls","12","12801","1","500","1973","C(G)","Dry",546.3522,449,95
"Independent Cement","Catskill","12","12414","1","700","1965","C","Wet",555.6236,464,96
"Lehigh Cement Company","Cementon","12","12415","1","625","1964","C(K)","Wet",596.0206,506,97
"Ash Grove Cement","Nephi","13","84648","1","630","1981","C(O)","Dry",612.5767,544,98
"California Portland Cement","Rillito","13","85654","1","1386","1948","C(GA)","Dry",1175.485,965,99
"Phoenix Cement","Clarkdale","13","86324","1","775","1959","C(GK)","Dry",665.5563,639,100
"Rio Grande Cement","Tijeras","13","87059","1","660","1959","C(G)","Dry",496.6838,448,101
"Armstrong Cement","Cabot","14","16023","1","333","1926","C","Wet",337.745,282,103
"Essroc Materials","Bessemer","14","16112","1","800","1961","C","Wet",546.3521,486,104
"Kosmos Cement","Pittsburgh","14","15225","1","400","1962","C(G)","Wet",389.069,357,105
"Medusa Cement","Wampum","14","16157","1","0","1959","C(A)","Dry",739.0655,638,106
"Ash Grove Cement","Durkee","15","97905","1","1295","1929","CG(KOA)","Dry",1023.169,899,107
"Holnam Cement","Morgan","15","84050","1","360","1948","C(G)","Wet",645.689,581,108
"Alamo Cement","San Antonio","16","78265","1","1300","1981","CK(G)","Dry",794.694,680,112
"Capitol Aggregates","San Antonio","16","78265","1","850","1965","CGK","Dry",844.3624,775,114
"Cemex","New Braunfels","16","78130","1","1000","1980","CK(G)","Dry",993.3676,865,115
"Lone Star","Sweetwater","16","79556","1","0","1971","G(C)","Dry",496.6839,450,120
"Southdown","Odessa","16","79760","1","600","1959","G(C)","Dry",587.7424,499,121
"Texas Cement","Buda","16","78610","1","1200","1978","CG(GA)","Dry",993.3676,895,122
"Texas Industries","New Braunfels","16","78132","1","800","1980","C(G)","Dry",761.5818,689,123
"Centex","Fernley","17","89408","1","550","1964","C(G)","Dry",405.294,377,124
"Kaiser Cement","Cupertino","17","95014","1","1600","1980","C(GA)","Dry",1655.613,1451,125
"Lehigh Cement Company","Redding","17","96003","1","700","1981","C(GA)","Dry",695.3573,591,126
"Rmc Pacific Materials","Davenport","17","95017","1","875","1981","C","Dry",827.8063,726,127
"Lafarge","Seattle","18","98106","1","700","1967","CK(OG)","Wet",447.0154,429,130
"Continental Cement","Hannibal","19","63401","1","630","1966","CKA","Wet",619.1991,544,135
"Holnam Cement","Clarksville","19","63336","1","1400","1967","CKA","Wet",1324.49,1190,136
"Lafarge","Grand Chain","19","62941","1","1300","1963","C","Dry",1208.597,1076,137
"Lone Star","Cape Girardeau","19","63701","1","1200","1981","C(O)","Dry",1107.605,1002,138
"Rc Cement","Festus","19","63028","1","1300","1965","K(A)","Dry",1208.597,1069,140
