company,plantlocation,market,zipcode,numberkilns,finishgrindingcapacity,year,fuel,process,clinkercapacitytonsday,clinkercapacitytonsyear,id
"Dixie","Kingsport","0","37662","1","350","1926","CG","Wet",542.3787,491,3
"Giant Cement","Harleyville","0","29448","1","855","1951","G(O)","Wet",942.0436,717,4
"Gifford Hill","Harleyville","0","29448","1","564","1974","C(OG)","Dry",549.6634,512,5
"Holnam Cement","Holly Hill","0","29059","1","1220","1966","G(O)","Wet",1073.83,971,6
"Ideal","Castle Hayne","0","37924","1","1150","1963","C(O)","Wet",1092.042,925,7
"Marquette","Rockmart","0","30153","1","260","1955","C(OG)","Dry",242.3817,216,8
"Martin Marietta","Atlanta","0","30318","1","634","1963","C(G)","Dry",593.3716,558,9
"Medusa Cement","Clinchfield","0","31013","1","790","1961","C(G)","Dry",680.1257,577,10
"Rc Cement","Chattanooga","0","37405","1","477","1956","C","Wet",437.0818,394,11
"Roanoke Cement","Cloverdale","0","24077","1","1200","1951","C(G)","Dry",1105.949,998,12
"Allentown Cement","Blandon","1","19510","1","875","1965","C","Dry",874.1634,754,13
"Capitol Cement","Martinsburg","1","25401","1","1355","1946","C","Wet",1284.755,1209,14
"Essroc Materials","Nazareth I","1","21769","1","1432","1958","C(O)","Dry",1490.051,1235,15
"Giant Cement","Bath","1","18014","1","625","1956","C(O)","Wet",599.3318,527,16
"Lafarge","Whitehall","1","18052","1","790","1956","C(O)","Dry",786.0848,693,18
"Lehigh Cement Company","Union Bridge","1","21791","1","950","1957","C","Dry",943.6993,805,19
"Lone Star","Nazareth","1","18064","1","0","1949","C","Dry",665.5562,596,20
"Marquette","Hagerstown","1","21742","1","620","1971","C","Dry",516.5511,445,21
"Medusa Cement","York","1","17404","1","444","1955","C","Wet",397.347,338,22
"Rc Cement","Stockertown","1","18083","1","0","1955","C","Dry",728.4695,635,23
"Allied Products","Birmingham","2","35200","1","345","1927","G(O)","Wet",327.8113,317,24
"Blue Circle","Calera","2","35040","1","686","1956","C(G)","Dry",643.04,606,25
"Ideal","Mobile","2","36601","1","480","1946","O(G)","Wet",491.386,420,27
"Lafarge","Demopolis","2","36732","1","750","1977","C(G)","Dry",778.1379,680,28
"Lehigh Cement Company","Leeds","2","35094","1","463","1976","C(OG)","Dry",538.0741,410,29
"Lone Star","New Orleans","2","70129","1","750","1963","C(OG)","Wet",695.3572,630,30
"National Cement Co Of Alabama","Ragland","2","35131","1","800","1975","C(OG)","Dry",844.3624,775,31
"United","Artesia","2","39736","1","525","1974","C","Wet",435.4261,416,32
"Armstrong Cement","West Des Moines","3","50265","1","466","1920","CG","Wet",399.0027,361,33
"Centex","La Salle","3","61301","1","400","1974","C(G)","Dry",364.2348,328,34
"Essroc Materials","Logansport","3","46947","1","480","1962","C","Wet",501.9818,426,35
"Lafarge","Buffalo","3","52808","1","520","1949","C","Wet",496.6839,468,36
"Lone Star","Greencastle","3","61348","1","1385","1969","C","Wet",1237.736,1090,37
"Marquette","Dixon","3","61021","1","0","1956","C(G)","Dry",590.3915,517,38
"Monarch Cement","Des Moines","3","50321","1","300","1941","C(G)","Wet",380.7909,345,39
"Cemex","Xenia","4","45324","1","730","1955","C","Dry",740.0589,628,40
"Columbia Portland","East Fultonham","4","43735","1","800","1957","C(O)","Wet",629.1328,549,41
"Essroc Materials","Speed","4","47172","1","1150","1972","C","Dry",1059.592,958,42
"Kosmos Cement","Louisville","4","40272","1","660","1974","C","Dry",640.3909,579,43
"Lehigh Cement Company","Mitchell","4","47446","1","725","1960","C(G)","Dry",761.5818,648,44
"Lone Star","Pedro","4","45659","1","315","1962","C","Dry",249.6664,222,45
"Sme","Middlebranch","4","44652","1","300","1923","C(G)","Dry",550.6567,481,46
"Ash Grove Cement","Foreman","5","71836","1","950","1958","C(G)","Wet",927.143,770,47
"Blue Circle","Tulsa","5","74116","1","630","1961","C","Dry",619.8613,584,48
"General","Fort Worth","5","76106","1","1205","1940","C(G)","Wet",1077.804,989,50
"Holnam Cement","Ada","5","74820","1","1015","1929","G(C)","Wet",926.1496,851,51
"Lehigh Cement Company","Waco","5","76714","1","328","1929","G","Dry",317.8776,270,52
"North Texas Cement","Midlothian","5","76065","1","846","1966","C(OG)","Wet",824.4951,768,53
"Southwestern","Amarillo","5","79106","1","220","1963","G","Wet",221.8521,189,54
"Texas Industries","Midlothian","5","79106","1","1400","1960","C(G)","Wet",1088.731,980,55
"Cemex","Lyons","6","80540","1","471","1980","C(O)","Dry",447.0154,421,56
"Dacotah Cement","Rapid City","6","57709","1","1100","1951","C(OG)","Dry",1059.592,822,58
"Holnam Cement","Florence","6","81226","1","0","1946","C(G)","Wet",855.2895,747,59
"Monolith","Laramie","6","82070","1","225","1961","C","Wet",185.4286,178,60
"Armstrong Cement","Petoskey","7","49770","1","648","1956","C","Wet",556.2858,502,61
"General","Paulding","7","45879","1","550","1956","C","Wet",450.3266,430,62
"Holnam Cement","Dundee","7","48131","1","1000","1959","C","Wet",993.3676,864,63
"Lafarge","Alpena","7","49707","1","2450","1954","C","Dry",2407.26,2126,64
"Marquette","Brandon","7","39042","1","226","1951","C(OG)","Wet",239.4016,213,65
"Medusa Cement","Charlevoix","7","49720","1","1448","1980","C","Dry",1236.08,1050,66
"St Marys Cement","Detroit","7","48209","1","1100","1972","C","Wet",715.2247,637,67
"General","Tampa","8","80540","1","1830","1948","C(O)","Wet",1509.919,1324,70
"Rinker Portland Cement","Miami","8","33165","1","0","1958","C(G)","Wet",519.8623,469,71
"Southdown","Brooksville","8","33605","1","600","1976","C(O)","Dry",579.4644,508,72
"Tarmac America","Medley","8","33012","1","0","1969","G(O)","Wet",1225.153,1102,74
"Ash Grove Cement","Louisville","9","68037","1","1306","1947","C(G)","Dry",1332.768,1132,75
"Ideal","Superior","9","68978","1","250","1968","C(G)","Wet",228.8057,221,76
"Lafarge","Fredonia","9","66736","1","400","1921","C(G)","Wet",365.8904,315,77
"Lone Star","Pryor","9","74362","1","725","1923","C(OG)","Dry",1132.439,1022,78
"Missouri Portland","Sugar Creek","9","64050","1","564","1953","C(G)","Dry",576.1531,458,79
"Monarch Cement","Humboldt","9","66748","1","600","1957","C(G)","Dry",698.6685,650,80
"Rc Cement","Independence","9","67301","1","0","1918","G(CO)","Dry",331.1225,284,81
"California Portland Cement","Mojave","10","93502","1","1080","1955","C(OG)","Dry",1829.452,1628,82
"Cemex","Victorville","10","92392","1","1130","1949","C(OG)","Dry",1225.153,1039,83
"Lehigh Cement Company","Tehachapi","10","93548","1","900","1974","C(O)","Wet",486.7501,454,84
"Mitsubishi Cement","Lucerne Valley","10","92356","1","0","1957","C(O)","Wet",1013.235,875,85
"National Cement Co Of California","Encino","10","93243","1","600","1966","C(OG)","Dry",579.4644,492,86
"Riverside Cement","Riverside","10","92502","1","0","1964","C(OG)","Dry",874.1634,762,87
"Texas Industries","Oro Grande","10","92368","1","1179","1948","C(OG)","Dry",1182.77,1088,89
"Holnam Cement","Mason City","11","50321","1","0","1960","C(G)","Dry",927.1431,784,90
"Lehigh Cement Company","Mason City","11","50401","1","750","1958","C(G)","Dry",811.2502,692,91
"Alpha","Cementon","12","12415","1","600","1964","C","Wet",529.796,457,92
"Blue Circle","Ravena","12","12143","1","1550","1953","C(O)","Wet",1589.388,1350,93
"Dragon","Thomaston","12","4861","1","480","1971","C(O)","Wet",446.6843,421,94
"Glens Falls Cement","Glens Falls","12","12801","1","450","1973","G(O)","Dry",496.6838,422,95
"Independent Cement","Catskill","12","12414","1","830","1965","C","Wet",642.3777,526,96
"Lehigh Cement Company","Alsen","12","12143","1","0","1955","C(O)","Dry",463.5716,396,97
"California Portland Cement","Rillito","13","85654","1","1170","1948","C(OG)","Dry",1109.26,955,99
"Phoenix Cement","Clarkdale","13","86324","1","0","1959","C(OG)","Dry",526.4847,477,100
"Rio Grande Cement","Tijeras","13","87059","1","500","1959","C(G)","Dry",501.9818,408,101
"Southwestern","El Paso","13","79943","1","330","1910","COG","Dry",264.898,224,102
"Armstrong Cement","Cabot","14","16023","1","0","1926","C","Wet",299.3348,270,103
"Essroc Materials","Bessemer","14","16112","1","900","1956","C","Wet",565.5573,496,104
"Kosmos Cement","Pittsburgh","14","15225","1","642","1962","C","Wet",396.6848,341,105
"Medusa Cement","Wampum","14","16157","1","715","1959","C","Dry",617.8746,524,106
"Ash Grove Cement","Durkee","15","97905","1","630","1979","C","Dry",501.6506,454,107
"Holnam Cement","Morgan","15","84050","1","330","1948","C(G)","Wet",643.3711,575,108
"Idaho Portland","Inkom","15","83245","1","425","1929","C(G)","Wet",211.9184,191,109
"Kaiser Cement","Clancy","15","59634","1","320","1963","C(G)","Wet",314.5664,276,110
"Lone Star","Salt Lake City","15","84104","1","420","1961","COG","Wet",463.5716,381,111
"Alamo Cement","San Antonio","16","37380","1","690","1925","C(G)","Wet",392.3802,371,112
"Alpha","Orange","16","77630","1","400","1967","C(G)","Wet",331.1225,299,113
"Capitol Aggregates","San Antonio","16","78265","1","355","1965","C(G)","Wet",331.1225,307,114
"Cemex","New Braunfels","16","78130","1","925","1980","C(OG)","Dry",911.9114,789,115
"Centex","Corpus Christi","16","78408","1","0","1950","C(G)","Wet",274.8316,258,116
"Gulf Coast Portland Cement","Houston","16","77011","1","900","1962","C(G)","Wet",331.1225,299,117
"Ideal","Galena Park","16","77547","1","0","1958","C(G)","Wet",550.9878,423,118
"Kaiser Cement","San Antonio","16","78217","1","490","1979","C(G)","Dry",827.8063,703,119
"Lone Star","Sweetwater","16","79556","1","0","1931","C(OG)","Dry",1079.46,970,120
"Southdown","Odessa","16","79760","1","550","1959","G","Dry",562.9083,478,121
"Texas Cement","Buda","16","78610","1","642","1978","C(G)","Dry",451.6511,408,122
"Texas Industries","New Braunfels","16","78130","1","840","1980","C(O)","Dry",612.5767,495,123
"Centex","Fernley","17","89408","1","430","1964","C(G)","Dry",397.347,360,124
"Kaiser Cement","Cupertino","17","95014","1","1600","1939","G(O)","Wet",1519.852,1374,125
"Lehigh Cement Company","San Andreas","17","96003","1","1240","1945","C(OG)","Wet",877.4746,761,126
"Rmc Pacific Materials","Davenport","17","95017","1","0","1941","O(G)","Dry",397.347,360,127
"Columbia","Bellingham","18","98227","1","420","1948","C(OG)","Wet",347.6786,320,129
"Lafarge","Seattle","18","98106","1","470","1967","C(OG)","Wet",439.3996,400,130
"Lehigh Cement Company","Metaline Falls","18","99153","1","215","1914","C","Dry",215.2296,183,131
"Lone Star","Seattle","18","98134","1","752","1928","C(G)","Wet",208.6072,186,132
"Oregon Portland","Lake Oswego","18","97034","1","550","1946","C(OG)","Wet",421.519,379,133
"Alpha","St. Louis","19","63123","1","320","1948","C(G)","Wet",331.1225,268,134
"Continental Cement","Hannibal","19","63401","1","600","1966","C","Wet",596.0206,506,135
"Holnam Cement","Clarksville","19","63336","1","1260","1967","C","Wet",1324.49,1089,136
"Lafarge","Joppa","19","92953","1","2926","1963","C","Dry",1937.067,1569,137
"Missouri Portland","St. Louis","19","63137","1","752","1950","C(G)","Wet",728.4695,579,139
"Rc Cement","Festus","19","63028","1","1150","1965","C(OG)","Dry",1225.153,1042,140
