company,plantlocation,market,zipcode,numberkilns,finishgrindingcapacity,year,fuel,process,clinkercapacitytonsday,clinkercapacitytonsyear,id
"Blue Circle","Harleyville","0","30318","1","1445","1963","C(G)","Dry",1311.907,1169,1
"Cemex","Knoxville","0","37924","1","650","1979","C(A)","Dry",584.4312,544,2
"Giant Cement","Harleyville","0","29448","1","950","1951","CA","Wet",885.7529,788,4
"Holnam Cement","Holly Hill","0","29059","1","1200","1966","CKA(O)","Wet",1076.148,967,6
"Medusa Cement","Clinchfield","0","31013","1","809","1961","C(A)","Dry",819.5282,719,10
"Rc Cement","Chattanooga","0","37405","1","520","1956","C(K)","Wet",430.4592,390,11
"Roanoke Cement","Cloverdale","0","24077","1","0","1951","C(GOK)","Dry",1001.315,900,12
"Allentown Cement","Blandon","1","19510","1","0","1965","CK","Dry",993.3676,844,13
"Capitol Cement","Martinsburg","1","25401","1","960","1955","CK","Wet",945.686,867,14
"Essroc Materials","Nazareth I","1","21769","1","1590","1956","C","Dry",1745.016,1405,15
"Giant Cement","Bath","1","18014","1","666","1956","CA(O)","Wet",620.5236,546,16
"Independent Cement","Hagerstown","1","21742","1","550","1971","C(OA)","Dry",525.4915,473,17
"Lafarge","Whitehall","1","18052","1","908","1956","C(K)","Dry",875.8191,792,18
"Lehigh Cement Company","Union Bridge","1","21791","1","0","1957","C(A)","Dry",1059.592,900,19
"Lone Star","Nazareth","1","18064","1","0","1949","C","Dry",630.4573,569,20
"Rc Cement","Stockertown","1","18083","1","810","1955","C(K)","Dry",952.6396,841,23
"Blue Circle","Calera","2","35040","1","678","1956","CK(G)","Dry",629.1328,576,25
"Holnam Cement","Theodore","2","39736","1","2290","1974","C(GA)","Dry",2016.536,1815,26
"Lafarge","Demopolis","2","36732","1","850","1977","C(A)","Dry",827.8063,735,28
"Lehigh Cement Company","Leeds","2","35094","1","730","1976","C(GA)","Dry",695.3573,591,29
"National Cement Co Of Alabama","Ragland","2","35131","1","1200","1975","C(GA)","Dry",860.9186,811,31
"Centex","La Salle","3","61301","1","565","1974","C(GK)","Dry",480.1277,432,34
"Essroc Materials","Logansport","3","46947","1","450","1962","A(K)","Wet",476.8164,412,35
"Lafarge","Buffalo","3","52808","1","900","1981","C","Dry",860.9186,811,36
"Lone Star","Greencastle","3","61348","1","1282","1969","CA(OA)","Wet",1341.046,1195,37
"Marquette","Dixon","3","61021","1","0","1956","C(G)","Dry",537.0809,474,38
"Cemex","Xenia","4","45324","1","675","1974","C(A)","Dry",607.6099,544,40
"Essroc Materials","Speed","4","47172","1","968","1972","C(O)","Dry",1009.924,936,42
"Kosmos Cement","Louisville","4","40272","1","745","1974","C(O)","Dry",754.9594,635,43
"Lehigh Cement Company","Mitchell","4","47446","1","760","1960","C(G)","Dry",811.2501,689,44
"Ash Grove Cement","Foreman","5","71836","1","1010","1958","C(GA)","Wet",1009.924,858,47
"Blue Circle","Tulsa","5","74116","1","580","1961","C","Dry",611.2522,544,48
"Holnam Cement","Midlothian","5","77011","1","2100","1958","C(G)","Dry",1682.102,1511,51
"North Texas Cement","Midlothian","5","76065","1","898","1966","CG(KA)","Wet",894.0309,813,53
"Texas Industries","Midlothian","5","79760","1","1300","1960","CA(G)","Wet",1211.908,1148,55
"Cemex","Lyons","6","80540","1","600","1980","G(C)","Dry",413.9032,380,56
"Centex","Laramie","6","82070","1","670","1988","C(G)","Dry",430.4593,388,57
"Dacotah Cement","Rapid City","6","57709","1","1500","1955","C(G)","Dry",814.5614,682,58
"Holnam Cement","Florence","6","81226","1","486","1946","C","Wet",1298,1165,59
"Holnam Cement","Dundee","7","48131","1","0","1959","C(K)","Wet",1017.208,934,63
"Lafarge","Alpena","7","49707","1","553","1956","CKA","Dry",2590.703,2278,64
"Medusa Cement","Charlevoix","7","49720","1","1371","1980","C","Dry",1456.939,1237,66
"St Marys Cement","Detroit","7","48209","1","1200","1972","C(A)","Wet",662.2451,590,67
"Florida Crushed Stone","Brooksville","8","34601","1","600","1987","C(A)","Dry",596.0206,518,68
"Rinker Portland Cement","Miami","8","33165","1","666","1958","C(OGA)","Wet",546.3522,500,71
"Southdown","Brooksville","8","33605","1","1350","1976","C(O)","Dry",1223.829,1104,72
"Tarmac America","Medley","8","33012","1","0","1969","C","Wet",1026.48,914,74
"Ash Grove Cement","Louisville","9","68037","1","1202","1964","C(A)","Dry",1589.388,1335,75
"Lafarge","Sugar Creek","9","66736","1","906","1921","C(K)","Dry",895.3552,819,77
"Lone Star","Pryor","9","74362","1","745","1960","C(G)","Dry",678.8012,624,78
"Monarch Cement","Humboldt","9","66748","1","848","1957","CK(GA)","Dry",720.1915,611,80
"Rc Cement","Independence","9","67301","1","0","1917","K(CGA)","Dry",344.3674,300,81
"California Portland Cement","Mojave","10","93502","1","2280","1963","C(OG)","Dry",1934.087,1769,82
"Cemex","Victorville","10","92392","1","1870","1965","C(GA)","Dry",1645.017,1452,83
"Lehigh Cement Company","Tehachapi","10","93548","1","810","1991","C(GK)","Dry",778.1379,663,84
"Mitsubishi Cement","Lucerne Valley","10","92356","1","1701","1982","C(GOK)","Dry",1721.837,1548,85
"National Cement Co Of California","Encino","10","93243","1","700","1966","K(A)","Dry",662.2451,590,86
"Texas Industries","Oro Grande","10","92368","1","0","1948","C(G)","Dry",1183.763,1070,89
"Holnam Cement","Mason City","11","46135","1","900","1964","C(K)","Dry",951.9772,775,90
"Lehigh Cement Company","Mason City","11","50401","1","882","1978","C(GK)","Dry",811.2502,689,91
"Blue Circle","Ravena","12","12143","1","1665","1953","CK(C)","Wet",1745.678,1550,93
"Dragon","Thomaston","12","4861","1","700","1971","C(A)","Wet",447.0154,392,94
"Glens Falls Cement","Glens Falls","12","12801","1","520","1973","C(G)","Dry",562.9083,460,95
"Independent Cement","Catskill","12","12414","1","800","1965","CK(O)","Wet",645.6889,540,96
"Lehigh Cement Company","Cementon","12","12415","1","626","1964","C(O)","Wet",596.0206,506,97
"Ash Grove Cement","Nephi","13","84648","1","630","1981","C(OA)","Dry",639.0665,544,98
"California Portland Cement","Rillito","13","85654","1","1230","1948","C(GK)","Dry",1266.544,1156,99
"Phoenix Cement","Clarkdale","13","86324","1","0","1959","C(GK)","Dry",665.5563,639,100
"Rio Grande Cement","Tijeras","13","87059","1","660","1959","C(G)","Dry",463.5716,430,101
"Armstrong Cement","Cabot","14","16023","1","0","1926","C","Wet",337.745,296,103
"Essroc Materials","Bessemer","14","16112","1","836","1961","C","Wet",586.0868,530,104
"Kosmos Cement","Pittsburgh","14","15225","1","520","1962","C(G)","Wet",413.9032,349,105
"Medusa Cement","Wampum","14","16157","1","0","1959","C(A)","Dry",739.0655,638,106
"Ash Grove Cement","Durkee","15","97905","1","1325","1929","GC(COA)","Dry",1033.102,923,107
"Holnam Cement","Morgan","15","84050","1","700","1948","CA(G)","Wet",615.2257,615.226,108
"Alamo Cement","San Antonio","16","78265","1","1403","1981","CK(G)","Dry",811.2502,698,112
"Capitol Aggregates","San Antonio","16","78265","1","780","1965","CGK","Dry",844.3624,775,114
"Cemex","New Braunfels","16","78130","1","1720","1980","C(KA)","Dry",937.0767,798,115
"Lone Star","Sweetwater","16","79556","1","0","1971","C(G)","Dry",496.6839,444,120
"Southdown","Odessa","16","79760","1","828","1959","C(G)","Dry",529.796,480,121
"Texas Cement","Buda","16","78610","1","1120","1978","CG(GK)","Dry",1092.704,985,122
"Texas Industries","New Braunfels","16","78132","1","1000","1980","C(G)","Dry",761.5818,689,123
"Centex","Fernley","17","89408","1","551","1964","C(GK)","Dry",430.4592,388,124
"Kaiser Cement","Cupertino","17","95014","1","1537","1980","C(G)","Dry",1655.613,1406,125
"Lehigh Cement Company","Redding","17","96003","1","675","1981","C(GA)","Dry",695.3573,591,126
"Rmc Pacific Materials","Davenport","17","95017","1","875","1981","C","Dry",827.8063,726,127
"Ash Grove Cement","Seattle","18","98134","1","745","1992","G(C)","Dry",728.4695,619,128
"Lafarge","Seattle","18","98106","1","700","1967","C(OGK)","Wet",453.6378,417,130
"Continental Cement","Hannibal","19","63401","1","750","1966","CA","Wet",596.0206,543,135
"Holnam Cement","Clarksville","19","63336","1","1400","1967","CK(A)","Wet",1324.49,1179,136
"Lafarge","Grand Chain","19","62941","1","1200","1963","C(G)","Dry",1192.041,1086,137
"Lone Star","Cape Girardeau","19","63701","1","1200","1981","C(A)","Dry",1215.882,1082,138
"Rc Cement","Festus","19","63028","1","1200","1965","K(A)","Dry",1192.041,1046,140
