company,plantlocation,market,zipcode,numberkilns,finishgrindingcapacity,year,fuel,process,clinkercapacitytonsday,clinkercapacitytonsyear,id
"Blue Circle","Harleyville","0","30318","1","1389","1963","C(A)","Dry",1322.03,1184,1
"Cemex","Knoxville","0","37924","1","626","1979","C(GO)","Dry",692.04,635,2
"Giant Cement","Harleyville","0","29448","1","889","1951","CA(G)","Wet",885.855,788,4
"Holnam Cement","Holly Hill","0","29059","1","1619","1966","C(A)","Wet",1042.805,947,6
"Medusa Cement","Clinchfield","0","31013","1","734","1961","C(A)","Dry",867.24,742,10
"Rc Cement","Chattanooga","0","37405","1","472","1956","CK(A)","Wet",437.27,398,11
"Roanoke Cement","Cloverdale","0","24077","1","928","1996","C(G)","Dry",1026.38,860,12
"Allentown Cement","Blandon","1","19510","1","907","1965","C(OA)","Dry",959.95,862,13
"Capitol Cement","Martinsburg","1","25401","1","869","1955","CK","Wet",945.715,868,14
"Essroc Materials","Nazareth I","1","21769","1","816","1949","C","Dry",2347.68,1906,15
"Giant Cement","Bath","1","18014","1","715","1956","CA(OA)","Wet",620.5,546,16
"Independent Cement","Hagerstown","1","21742","1","499","1971","C(OA)","Dry",525.235,472,17
"Lafarge","Whitehall","1","18052","1","824","1956","C(KA)","Dry",889.505,626,18
"Lehigh Cement Company","Union Bridge","1","21791","1","0","1957","C(A)","Dry",1059.96,900,19
"Rc Cement","Stockertown","1","18083","1","1016","1979","K","Dry",936.955,834,23
"Blue Circle","Calera","2","35040","1","757","1956","CG(K)","Dry",608.82,550,25
"Holnam Cement","Theodore","2","39736","1","2177","1974","C(GA)","Dry",2009.69,1780,26
"Lafarge","Demopolis","2","36732","1","771","1977","C(A)","Dry",827.82,726,28
"Lehigh Cement Company","Leeds","2","35094","1","662","1976","C(GA)","Dry",761.39,636,29
"National Cement Co Of Alabama","Ragland","2","35131","1","1088","1975","C(GA)","Dry",1010.32,952,31
"Centex","La Salle","3","61301","1","522","1974","CGK(A)","Dry",579.255,524,34
"Essroc Materials","Logansport","3","46947","1","408","1962","A(KA)","Wet",476.69,412,35
"Lafarge","Buffalo","3","52808","1","893","1981","C(K)","Dry",1003.75,855,36
"Lone Star","Greencastle","3","61348","1","1188","1969","CA(OA)","Wet",1357.435,1179,37
"Marquette","Dixon","3","61021","1","0","1956","C(G)","Dry",536.55,474,38
"Cemex","Xenia","4","45324","1","612","1974","C","Dry",707.735,621,40
"Essroc Materials","Speed","4","47172","1","991","1972","C(O)","Dry",1059.595,899,42
"Kosmos Cement","Louisville","4","40272","1","975","1974","C(O)","Dry",794.605,707,43
"Lehigh Cement Company","Mitchell","4","47446","1","0","1960","C","Dry",711.75,654,44
"Ash Grove Cement","Foreman","5","71836","1","1029","1958","C(GA)","Wet",883.665,794,47
"Blue Circle","Tulsa","5","74116","1","871","1961","C(GK)","Dry",662.11,590,48
"Holnam Cement","Midlothian","5","78265","1","1915","1958","C(GA)","Dry",1737.765,1571,51
"North Texas Cement","Midlothian","5","76065","1","862","1966","C(GKA)","Wet",844.245,768,53
"Texas Industries","Midlothian","5","78132","1","1179","1960","CA(GKA)","Wet",1216.18,1144,55
"Cemex","Lyons","6","80540","1","454","1980","C(G)","Dry",503.335,454,56
"Centex","Laramie","6","82070","1","652","1988","C(G)","Dry",636.925,585,57
"Dacotah Cement","Rapid City","6","57709","1","1374","1955","C(G)","Dry",993.53,812,58
"Holnam Cement","Florence","6","81226","1","1361","1946","C(A)","Wet",1337.725,1229,59
"Holnam Cement","Dundee","7","48131","1","0","1959","C(K)","Wet",1043.17,958,63
"Lafarge","Alpena","7","49707","1","504","1956","CKA","Dry",2757.575,2525,64
"Medusa Cement","Charlevoix","7","49720","1","1243","1980","C(O)","Dry",1456.715,1237,66
"Florida Crushed Stone","Brooksville","8","34601","1","544","1987","C(A)","Dry",596.045,545,68
"Rinker Portland Cement","Miami","8","33165","1","590","1958","C(A)","Wet",529.98,494,71
"Southdown","Brooksville","8","33605","1","1224","1976","C(O)","Dry",1223.48,1102,72
"Tarmac America","Medley","8","33012","1","1515","1969","C(O)","Wet",943.525,866,74
"Ash Grove Cement","Louisville","9","68037","1","1717","1964","C(GA)","Dry",1482.995,1283,75
"Lafarge","Sugar Creek","9","66736","1","841","1921","C(K)","Dry",903.01,836,77
"Lone Star","Pryor","9","74362","1","658","1960","CGK(G)","Dry",678.535,622,78
"Monarch Cement","Humboldt","9","66748","1","829","1957","CK(GA)","Dry",719.78,611,80
"Rc Cement","Independence","9","67301","1","0","1917","K(CGA)","Dry",310.98,272,81
"California Portland Cement","Mojave","10","93502","1","1351","1963","C(OG)","Dry",2003.12,1804,82
"Cemex","Victorville","10","92392","1","1497","1965","C(GK)","Dry",1930.85,1680,83
"Lehigh Cement Company","Tehachapi","10","93548","1","762","1991","C(G)","Dry",964.33,816,84
"Mitsubishi Cement","Lucerne Valley","10","92356","1","1542","1982","C(GKA)","Dry",1820.985,1671,85
"National Cement Co Of California","Encino","10","93243","1","726","1966","K(A)","Dry",662.11,588,86
"Royal Cement","Logandale","10","87021","1","181","1995","C","Dry",198.56,177,88
"Texas Industries","Oro Grande","10","92368","1","0","1948","CK(G)","Dry",1183.695,1070,89
"Holnam Cement","Mason City","11","46135","1","842","1966","C(A)","Dry",951.555,835,90
"Lehigh Cement Company","Mason City","11","50401","1","816","1978","C(G)","Dry",860.67,731,91
"Blue Circle","Ravena","12","12143","1","1630","1953","C(A)","Wet",1827.555,1655,93
"Dragon","Thomaston","12","4861","1","635","1971","CK(A)","Wet",446.76,392,94
"Glens Falls Cement","Glens Falls","12","12801","1","472","1973","C(G)","Dry",562.83,478,95
"Independent Cement","Catskill","12","12414","1","698","1965","C(KA)","Wet",662.11,553,96
"Ash Grove Cement","Nephi","13","84648","1","759","1981","C(OA)","Dry",844.245,717,98
"California Portland Cement","Rillito","13","85654","1","1295","1948","C(GKA)","Dry",1311.445,1205,99
"Phoenix Cement","Clarkdale","13","86324","1","0","1959","CK","Dry",595.68,567,100
"Rio Grande Cement","Tijeras","13","87059","1","562","1959","C(G)","Dry",463.55,432,101
"Armstrong Cement","Cabot","14","16023","1","317","1926","C","Wet",337.99,294,103
"Essroc Materials","Bessemer","14","16112","1","757","1961","C(A)","Wet",628.895,534,104
"Kosmos Cement","Pittsburgh","14","15225","1","434","1962","C(G)","Wet",413.91,349,105
"Medusa Cement","Wampum","14","16157","1","0","1959","C(A)","Dry",775.99,680,106
"Ash Grove Cement","Durkee","15","97905","1","1259","1929","G(CA)","Dry",1456.715,1271,107
"Holnam Cement","Three Forks","15","84050","1","664","1948","G(K)","Wet",660.285,606,108
"Alamo Cement","San Antonio","16","78265","1","1273","1981","CK(G)","Dry",877.46,788,112
"Capitol Aggregates","San Antonio","16","78265","1","907","1965","GK(CA)","Dry",811.395,733,114
"Cemex","New Braunfels","16","78130","1","1293","1980","CK(G)","Dry",976.74,870,115
"Lone Star","Sweetwater","16","79556","1","508","1971","CK(G)","Dry",497.13,441,120
"Southdown","Odessa","16","79760","1","751","1959","C(G)","Dry",555.895,502,121
"Texas Cement","Buda","16","78610","1","1043","1978","C(KA)","Dry",1092.445,1003,122
"Texas Industries","New Braunfels","16","78132","1","907","1980","C(GKA)","Dry",839.135,770,123
"Centex","Fernley","17","89408","1","544","1964","C(K)","Dry",485.45,444,124
"Kaiser Cement","Cupertino","17","95014","1","1474","1981","C(GK)","Dry",1688.49,1457,125
"Lehigh Cement Company","Redding","17","96003","1","612","1981","C(GA)","Dry",695.325,590,126
"Rmc Pacific Materials","Davenport","17","95017","1","794","1981","C","Dry",860.67,755,127
"Ash Grove Cement","Seattle","18","98134","1","712","1992","C(GA)","Dry",794.605,675,128
"Lafarge","Seattle","18","98106","1","635","1967","CK(A)","Wet",453.695,385,130
"Continental Cement","Hannibal","19","63401","1","680","1966","CA(GA)","Wet",604.075,546,135
"Holnam Cement","Clarksville","19","63336","1","1270","1967","K(A)","Wet",1324.22,1179,136
"Lafarge","Grand Chain","19","62941","1","1107","1963","C(K)","Dry",1232.605,1050,137
"Lone Star","Cape Girardeau","19","63701","1","1088","1981","C(A)","Dry",1213.26,1080,138
"Rc Cement","Festus","19","63028","1","1224","1965","K(G)","Dry",1324.22,1180,140
