company,plantlocation,market,zipcode,numberkilns,finishgrindingcapacity,year,fuel,process,clinkercapacitytonsday,clinkercapacitytonsyear,id
"Blue Circle","Atlanta","0","30318","1","760","1963","C","Dry",645.689,556,1
"Cemex","Knoxville","0","37924","1","650","1979","C(G)","Dry",629.1328,543,2
"Giant Cement","Harleyville","0","29448","1","950","1951","C(OG)","Wet",884.097,764,4
"Gifford Hill","Harleyville","0","29448","1","700","1974","C(OG)","Dry",629.1328,548,5
"Holnam Cement","Holly Hill","0","29059","1","1740","1966","C(OG)","Wet",1059.592,955,6
"Medusa Cement","Clinchfield","0","31013","1","809","1961","C(G)","Dry",793.0384,695,10
"Rc Cement","Chattanooga","0","37405","1","477","1956","C","Wet",452.9756,408,11
"Roanoke Cement","Cloverdale","0","24077","1","1200","1951","C","Dry",1105.949,999,12
"Allentown Cement","Blandon","1","19510","1","1320","1965","C","Dry",1059.592,886,13
"Capitol Cement","Martinsburg","1","25401","1","892","1955","C","Wet",808.2701,746,14
"Essroc Materials","Nazareth I","1","21769","1","1204","1956","C","Dry",1509.918,1243,15
"Giant Cement","Bath","1","18014","1","640","1956","C(O)","Wet",620.5236,546,16
"Independent Cement","Hagerstown","1","21742","1","550","1971","C","Dry",525.4915,452,17
"Lafarge","Whitehall","1","18052","1","800","1956","C(O)","Dry",784.7604,689,18
"Lehigh Cement Company","Union Bridge","1","21791","1","1030","1957","C","Dry",1059.592,900,19
"Lone Star","Nazareth","1","18064","1","0","1949","C","Dry",629.1328,565,20
"Rc Cement","Stockertown","1","18083","1","800","1955","C","Dry",654.9603,551,23
"Allied Products","Birmingham","2","35200","1","0","1928","C(G)","Wet",331.1226,302,24
"Blue Circle","Calera","2","35040","1","670","1956","C(G)","Dry",596.0206,538,25
"Holnam Cement","Theodore","2","36582","1","2234","1981","C(G)","Dry",1454.29,1283,26
"Lafarge","Demopolis","2","36732","1","825","1977","C","Dry",761.5818,655,28
"Lehigh Cement Company","Leeds","2","35094","1","730","1976","C(G)","Dry",645.6889,549,29
"Lone Star","New Orleans","2","70129","1","750","1963","C(G)","Wet",695.3572,630,30
"National Cement Co Of Alabama","Ragland","2","35131","1","1000","1975","C(G)","Dry",844.3624,775,31
"United","Artesia","2","39736","1","525","1974","C","Wet",496.6838,463,32
"Centex","La Salle","3","61301","1","396","1974","C(G)","Dry",430.4593,401,34
"Essroc Materials","Logansport","3","46947","1","465","1962","C(G)","Wet",476.8164,412,35
"Lafarge","Buffalo","3","52808","1","900","1981","C","Dry",894.0308,772,36
"Lone Star","Greencastle","3","61348","1","1227","1969","C(O)","Wet",1225.153,1057,37
"Marquette","Dixon","3","61021","1","575","1956","C(G)","Dry",537.0809,474,38
"Monarch Cement","Des Moines","3","50321","1","300","1941","C(G)","Wet",347.6786,272,39
"Cemex","Xenia","4","45324","1","677","1974","C(O)","Dry",652.3113,554,40
"Columbia Portland","East Fultonham","4","43735","1","750","1957","C","Wet",629.1328,551,41
"Essroc Materials","Speed","4","47172","1","1220","1972","C(G)","Dry",1026.48,849,42
"Kosmos Cement","Louisville","4","40272","1","850","1974","C","Dry",695.3573,594,43
"Lehigh Cement Company","Mitchell","4","47446","1","760","1960","C(G)","Dry",811.2501,689,44
"Lone Star","Pedro","4","45659","1","320","1962","C","Dry",248.3419,208,45
"Ash Grove Cement","Foreman","5","71836","1","1010","1958","C(G)","Wet",1009.924,858,47
"Blue Circle","Tulsa","5","74116","1","620","1961","C","Dry",629.1328,536,48
"Boxcrow Cement","Midlothian","5","78265","1","1600","1987","G","Dry",1026.48,872,49
"General","Dallas","5","75211","1","505","1951","C(G)","Wet",493.3726,444,50
"Holnam Cement","Ada","5","74820","1","1330","1929","G(C)","Wet",962.5732,879,51
"Lehigh Cement Company","Waco","5","76714","1","400","1929","C(G)","Dry",331.1226,282,52
"North Texas Cement","Midlothian","5","76065","1","940","1966","C(G)","Wet",858.2694,786,53
"Texas Industries","Midlothian","5","79760","1","1400","1960","C(G)","Wet",1192.041,1112,55
"Cemex","Lyons","6","80540","1","598","1980","C(OG)","Dry",480.1277,408,56
"Dacotah Cement","Rapid City","6","57709","1","1843","1951","C(OG)","Dry",1043.036,858,58
"Holnam Cement","Florence","6","81226","1","1600","1946","C(G)","Wet",1350.98,1228,59
"Holnam Cement","Dundee","7","48131","1","0","1959","C","Wet",953.6328,872,63
"Lafarge","Alpena","7","49707","1","2555","1956","C","Dry",2573.484,2225,64
"Medusa Cement","Charlevoix","7","49720","1","1370","1980","C","Dry",1456.939,1237,66
"St Marys Cement","Detroit","7","48209","1","1152","1972","C","Wet",662.2451,572,67
"Florida Crushed Stone","Brooksville","8","34601","1","1000","1987","C(O)","Dry",596.0206,543,68
"Rinker Portland Cement","Miami","8","33165","1","0","1958","C(G)","Wet",562.9082,512,71
"Southdown","Brooksville","8","33605","1","1350","1976","C(O)","Dry",1281.444,1156,72
"Tarmac America","Medley","8","33012","1","1754","1969","CG(O)","Wet",1112.572,1020,74
"Ash Grove Cement","Louisville","9","68037","1","1200","1964","C(O)","Dry",1556.276,1322,75
"Lafarge","Fredonia","9","66736","1","407","1921","C(G)","Wet",397.3471,347,77
"Lone Star","Pryor","9","74362","1","744","1923","C(G)","Dry",1064.559,955,78
"Missouri Portland","Sugar Creek","9","64050","1","510","1953","C","Dry",554.6303,463,79
"Monarch Cement","Humboldt","9","66748","1","1000","1957","C(G)","Dry",720.1915,611,80
"Rc Cement","Independence","9","67301","1","0","1917","C(G)","Dry",331.1225,304,81
"California Portland Cement","Mojave","10","93502","1","2780","1955","C(O)","Dry",2203.621,1941,82
"Cemex","Victorville","10","92392","1","1519","1965","C(OG)","Dry",1600.977,1360,83
"Lehigh Cement Company","Tehachapi","10","93548","1","850","1974","C","Wet",471.8496,426,84
"Mitsubishi Cement","Lucerne Valley","10","92356","1","1600","1982","C(OG)","Dry",1655.613,1379,85
"National Cement Co Of California","Encino","10","93243","1","850","1966","C","Dry",662.2451,608,86
"Riverside Cement","Riverside","10","92502","1","730","1964","C(G)","Dry",437.0817,373,87
"Texas Industries","Oro Grande","10","92368","1","0","1948","C(OG)","Dry",1112.572,1001,89
"Holnam Cement","Mason City","11","50321","1","0","1960","C(G)","Dry",1092.704,809,90
"Lehigh Cement Company","Mason City","11","50401","1","875","1958","C(G)","Dry",894.0309,759,91
"Blue Circle","Ravena","12","12143","1","1550","1953","C","Wet",1589.388,1362,93
"Dragon","Thomaston","12","4861","1","750","1971","C(O)","Wet",445.0287,394,94
"Glens Falls Cement","Glens Falls","12","12801","1","550","1973","C(G)","Dry",546.3522,454,95
"Independent Cement","Catskill","12","12414","1","770","1965","C(O)","Wet",629.1328,526,96
"Lehigh Cement Company","Cementon","12","12415","1","675","1964","C","Wet",596.0206,506,97
"Ash Grove Cement","Nephi","13","84648","1","680","1981","C(O)","Dry",589.3981,501,98
"California Portland Cement","Rillito","13","85654","1","1400","1948","C(O)","Dry",1109.26,955,99
"Phoenix Cement","Clarkdale","13","86324","1","0","1959","C(G)","Dry",529.7961,475,100
"Rio Grande Cement","Tijeras","13","87059","1","660","1959","C(G)","Dry",496.6838,448,101
"Armstrong Cement","Cabot","14","16023","1","0","1926","C","Wet",313.242,302,103
"Essroc Materials","Bessemer","14","16112","1","800","1961","C","Wet",596.0205,522,104
"Kosmos Cement","Pittsburgh","14","15225","1","370","1962","C","Wet",397.347,327,105
"Medusa Cement","Wampum","14","16157","1","715","1959","C","Dry",739.0655,638,106
"Ash Grove Cement","Durkee","15","97905","1","1255","1929","C","Dry",988.7319,929,107
"Holnam Cement","Morgan","15","84050","1","725","1948","C(G)","Wet",645.689,581,108
"Lone Star","Salt Lake City","15","84104","1","395","1961","C(G)","Wet",397.3471,358,111
"Alamo Cement","San Antonio","16","78265","1","1300","1981","C(G)","Dry",794.694,717,112
"Capitol Aggregates","San Antonio","16","78265","1","895","1965","G(C)","Dry",860.9186,805,114
"Cemex","New Braunfels","16","78130","1","1000","1980","C(OG)","Dry",993.3676,865,115
"Lone Star","Houston","16","79556","1","0","1931","G","Wet",1028.466,926,120
"Southdown","Odessa","16","79760","1","733","1959","C(G)","Dry",609.2654,518,121
"Texas Cement","Buda","16","78610","1","1200","1978","C(G)","Dry",993.3676,906,122
"Texas Industries","New Braunfels","16","78132","1","840","1980","C","Dry",745.0257,686,123
"Centex","Fernley","17","89408","1","539","1964","C(G)","Dry",397.347,370,124
"Kaiser Cement","Cupertino","17","95014","1","1600","1980","C(G)","Dry",1655.613,1379,125
"Lehigh Cement Company","Redding","17","96003","1","1230","1945","C(G)","Dry",1192.041,999,126
"Rmc Pacific Materials","Davenport","17","95017","1","880","1981","C","Dry",827.8063,715,127
"Columbia","Bellingham","18","98227","1","435","1948","C","Wet",337.745,296,129
"Lafarge","Seattle","18","98106","1","700","1967","C(OG)","Wet",447.0154,429,130
"Lehigh Cement Company","Metaline Falls","18","99153","1","200","1949","C","Dry",198.6735,169,131
"Continental Cement","Hannibal","19","63401","1","730","1966","C(G)","Wet",629.1328,552,135
"Holnam Cement","Clarksville","19","63336","1","1400","1967","C","Wet",1324.49,1165,136
"Lafarge","Grand Chain","19","62941","1","1612","1963","C(G)","Dry",546.3522,464,137
"Lone Star","Cape Girardeau","19","63701","1","1200","1981","C(O)","Dry",1107.605,999,138
"Rc Cement","Festus","19","63028","1","1150","1965","C(OG)","Dry",1192.041,1012,140
