company,plantlocation,market,zipcode,numberkilns,finishgrindingcapacity,year,fuel,process,clinkercapacitytonsday,clinkercapacitytonsyear,id
"Blue Circle","Atlanta","0","30318","1","560","1963","C","Dry",596.0206,454,1
"Cemex","Knoxville","0","37924","1","550","1979","C(G)","Dry",546.3522,464,2
"Giant Cement","Harleyville","0","29448","1","950","1951","C(G)","Wet",860.9184,732,4
"Gifford Hill","Harleyville","0","29448","1","650","1974","C(OG)","Dry",549.6634,500,5
"Holnam Cement","Holly Hill","0","29059","1","1740","1966","C(OG)","Wet",1059.592,958,6
"Medusa Cement","Clinchfield","0","31013","1","1077","1961","C(G)","Dry",754.9593,662,10
"Rc Cement","Chattanooga","0","37405","1","477","1956","C","Wet",450.3266,408,11
"Roanoke Cement","Cloverdale","0","24077","1","1200","1951","C","Dry",1105.949,999,12
"Allentown Cement","Blandon","1","19510","1","0","1965","C","Dry",877.4746,754,13
"Capitol Cement","Martinsburg","1","25401","1","843","1955","C","Wet",913.8982,743,14
"Essroc Materials","Nazareth I","1","21769","1","1104","1956","C","Dry",1516.541,1220,15
"Giant Cement","Bath","1","18014","1","625","1956","C(O)","Wet",599.3318,527,16
"Lafarge","Whitehall","1","18052","1","800","1956","C(O)","Dry",784.7604,689,18
"Lehigh Cement Company","Union Bridge","1","21791","1","0","1957","C","Dry",993.3676,844,19
"Lone Star","Nazareth","1","21742","1","500","1949","C","Dry",1145.684,997,20
"Rc Cement","Stockertown","1","18083","1","0","1955","C","Dry",622.5102,471,23
"Allied Products","Birmingham","2","35200","1","345","1927","G(O)","Wet",327.8113,317,24
"Blue Circle","Calera","2","35040","1","670","1956","C","Dry",596.0206,542,25
"Holnam Cement","Theodore","2","36582","1","2234","1981","C(OG)","Dry",1454.29,1283,26
"Lafarge","Demopolis","2","36732","1","750","1977","C","Dry",761.5818,653,28
"Lehigh Cement Company","Leeds","2","35094","1","685","1976","C(G)","Dry",596.0206,514,29
"Lone Star","New Orleans","2","70129","1","750","1963","C(G)","Wet",721.8471,646,30
"National Cement Co Of Alabama","Ragland","2","35131","1","900","1975","C(OG)","Dry",794.694,725,31
"United","Artesia","2","39736","1","525","1974","C","Wet",435.4261,408,32
"Centex","La Salle","3","61301","1","376","1974","C(G)","Dry",430.4593,389,34
"Essroc Materials","Logansport","3","46947","1","465","1962","C(G)","Wet",476.8164,412,35
"Lafarge","Buffalo","3","52808","1","850","1981","C","Dry",860.9186,708,36
"Lone Star","Greencastle","3","61348","1","1222","1969","C(O)","Wet",1225.153,1056,37
"Marquette","Dixon","3","61021","1","0","1956","C(G)","Dry",579.1334,499,38
"Monarch Cement","Des Moines","3","50321","1","300","1941","C(G)","Wet",380.7909,346,39
"Cemex","Xenia","4","45324","1","737","1955","C(O)","Dry",740.0589,628,40
"Columbia Portland","East Fultonham","4","43735","1","600","1957","C","Wet",612.5767,537,41
"Essroc Materials","Speed","4","47172","1","1150","1972","C(G)","Dry",1026.48,849,42
"Kosmos Cement","Louisville","4","40272","1","800","1974","C","Dry",668.8675,572,43
"Lehigh Cement Company","Mitchell","4","47446","1","0","1960","C","Dry",811.2501,689,44
"Lone Star","Pedro","4","45659","1","260","1962","C","Dry",254.9643,230,45
"Sme","Sylvania","4","44652","1","760","1923","C","Dry",463.5715,385,46
"Ash Grove Cement","Foreman","5","71836","1","1020","1958","C(G)","Wet",896.0175,763,47
"Blue Circle","Tulsa","5","74116","1","600","1961","C","Dry",611.2522,544,48
"General","Fort Worth","5","76106","1","1206","1940","C(G)","Wet",1152.307,1040,50
"Holnam Cement","Ada","5","74820","1","1330","1929","C(G)","Wet",926.1496,857,51
"Lehigh Cement Company","Waco","5","76714","1","450","1929","C(G)","Dry",331.1226,282,52
"North Texas Cement","Midlothian","5","76065","1","900","1966","C(OG)","Wet",824.4951,753,53
"Southwestern","Amarillo","5","79106","1","305","1963","C(G)","Wet",245.0307,208,54
"Texas Industries","Midlothian","5","79106","1","1400","1960","C(G)","Wet",1158.929,1088,55
"Cemex","Lyons","6","80540","1","740","1980","C(G)","Dry",463.5715,418,56
"Dacotah Cement","Rapid City","6","57709","1","1843","1951","C(OG)","Dry",1043.036,857,58
"Holnam Cement","Florence","6","81226","1","531","1946","C(G)","Wet",1320.848,1165,59
"Monolith","Laramie","6","82070","1","540","1961","C(O)","Wet",476.8165,430,60
"General","Paulding","7","45879","1","554","1956","C","Wet",499.995,450,62
"Holnam Cement","Dundee","7","48131","1","0","1959","C","Wet",907.2756,798,63
"Lafarge","Alpena","7","49707","1","0","1954","C","Dry",2429.777,2130,64
"Medusa Cement","Charlevoix","7","49720","1","1604","1980","C","Dry",1456.939,1237,66
"St Marys Cement","Detroit","7","48209","1","1100","1972","C","Wet",715.2247,647,67
"General","Tampa","8","80540","1","650","1958","C(O)","Wet",1139.061,1003,70
"Rinker Portland Cement","Miami","8","33165","1","0","1958","C(G)","Wet",539.7297,495,71
"Southdown","Brooksville","8","33605","1","1356","1976","C(O)","Dry",1092.704,996,72
"Tarmac America","Medley","8","33012","1","0","1969","CG(O)","Wet",1142.373,1033,74
"Ash Grove Cement","Louisville","9","68037","1","1200","1964","C(O)","Dry",1556.276,1322,75
"Ideal","Superior","9","68978","1","375","1968","C(G)","Wet",228.8057,204,76
"Lafarge","Fredonia","9","66736","1","407","1921","C(G)","Wet",397.3471,347,77
"Lone Star","Pryor","9","74362","1","1195","1923","C(G)","Dry",1132.439,1017,78
"Missouri Portland","Sugar Creek","9","64050","1","750","1953","C(G)","Dry",529.796,446,79
"Monarch Cement","Humboldt","9","66748","1","600","1957","C(G)","Dry",720.1915,611,80
"Rc Cement","Independence","9","67301","1","340","1917","CO","Dry",298.0102,252,81
"California Portland Cement","Mojave","10","93502","1","1700","1955","C","Dry",2203.621,1941,82
"Cemex","Victorville","10","92392","1","1190","1965","C(OG)","Dry",1466.873,1247,83
"Lehigh Cement Company","Tehachapi","10","93548","1","500","1974","C","Wet",471.8496,426,84
"Mitsubishi Cement","Lucerne Valley","10","92356","1","1600","1982","C(G)","Dry",1655.613,1388,85
"National Cement Co Of California","Encino","10","93243","1","610","1966","C(G)","Dry",594.3649,526,86
"Riverside Cement","Riverside","10","92502","1","730","1964","C","Dry",874.1634,746,87
"Texas Industries","Oro Grande","10","92368","1","0","1948","C(OG)","Dry",1112.572,1001,89
"Holnam Cement","Mason City","11","50321","1","0","1960","C(G)","Dry",927.1431,779,90
"Lehigh Cement Company","Mason City","11","50401","1","860","1958","C(G)","Dry",827.8063,707,91
"Blue Circle","Ravena","12","12143","1","2050","1953","C","Wet",1589.388,1362,93
"Dragon","Thomaston","12","4861","1","762","1971","C(O)","Wet",430.4593,396,94
"Glens Falls Cement","Glens Falls","12","12801","1","385","1973","C(G)","Dry",579.4644,454,95
"Independent Cement","Catskill","12","12414","1","600","1965","C(O)","Wet",629.1328,517,96
"Lehigh Cement Company","Cementon","12","12415","1","550","1964","C","Wet",529.796,452,97
"Ash Grove Cement","Nephi","13","84648","1","725","1981","C(O)","Dry",596.0206,547,98
"California Portland Cement","Rillito","13","85654","1","1170","1948","C","Dry",1109.26,955,99
"Phoenix Cement","Clarkdale","13","86324","1","630","1959","C(OG)","Dry",556.2858,503,100
"Rio Grande Cement","Tijeras","13","87059","1","660","1959","C(G)","Dry",501.9818,430,101
"Southwestern","El Paso","13","79943","1","0","1910","G(O)","Dry",265.2291,224,102
"Armstrong Cement","Cabot","14","16023","1","370","1926","C","Wet",317.8776,230,103
"Essroc Materials","Bessemer","14","16112","1","1000","1961","C","Wet",662.245,553,104
"Kosmos Cement","Pittsburgh","14","15225","1","370","1962","C","Wet",397.347,327,105
"Medusa Cement","Wampum","14","16157","1","752","1959","C","Dry",739.0655,658,106
"Ash Grove Cement","Durkee","15","97905","1","630","1979","C","Dry",501.6506,454,107
"Holnam Cement","Morgan","15","84050","1","696","1948","C(G)","Wet",643.3711,585,108
"Idaho Portland","Inkom","15","83245","1","425","1929","C(G)","Wet",211.9184,191,109
"Kaiser Cement","Clancy","15","59634","1","320","1963","C(G)","Wet",314.5664,276,110
"Lone Star","Salt Lake City","15","84104","1","420","1961","C(G)","Wet",413.9031,364,111
"Alamo Cement","San Antonio","16","78265","1","600","1981","C(G)","Dry",794.694,590,112
"Capitol Aggregates","San Antonio","16","78265","1","800","1965","C(G)","Dry",844.3624,753,114
"Cemex","New Braunfels","16","78130","1","1000","1980","C(OG)","Dry",993.3676,865,115
"Centex","Corpus Christi","16","78408","1","0","1950","C(G)","Wet",278.143,252,116
"Gulf Coast Portland Cement","Houston","16","77011","1","1000","1962","CO","Wet",331.1225,299,117
"Kaiser Cement","San Antonio","16","78217","1","490","1979","C(G)","Dry",827.8063,712,119
"Lone Star","Houston","16","79556","1","550","1931","G","Wet",1052.97,947,120
"Southdown","Odessa","16","79760","1","529","1959","C(G)","Dry",562.9083,478,121
"Texas Cement","Buda","16","78610","1","1300","1978","C(G)","Dry",1086.082,979,122
"Texas Industries","New Braunfels","16","78132","1","840","1980","C","Dry",662.2451,590,123
"Centex","Fernley","17","89408","1","539","1964","C(G)","Dry",397.347,360,124
"Kaiser Cement","Cupertino","17","95014","1","1600","1980","C(G)","Dry",1655.613,1379,125
"Lehigh Cement Company","Redding","17","96003","1","1230","1945","C(G)","Dry",1192.041,1040,126
"Rmc Pacific Materials","Davenport","17","95017","1","775","1981","C","Dry",746.6813,675,127
"Columbia","Bellingham","18","98227","1","400","1948","C","Wet",346.3542,312,129
"Lafarge","Seattle","18","98106","1","700","1967","C(OG)","Wet",439.3996,421,130
"Lehigh Cement Company","Metaline Falls","18","99153","1","210","1914","C","Dry",248.3419,211,131
"Lone Star","Seattle","18","98134","1","0","1928","C(G)","Wet",225.1634,204,132
"Oregon Portland","Lake Oswego","18","97034","1","550","1946","C(O)","Wet",421.519,383,133
"Continental Cement","Hannibal","19","63401","1","650","1966","C","Wet",612.5767,543,135
"Holnam Cement","Clarksville","19","63336","1","1400","1967","C","Wet",1324.49,1165,136
"Lafarge","Joppa","19","92953","1","3162","1963","C","Dry",1705.281,1462,137
"Lone Star","Cape Girardeau","19","63701","1","1200","1981","C(O)","Dry",1158.929,1038,138
"Rc Cement","Festus","19","63028","1","1120","1965","C(OG)","Dry",1192.041,1012,140
