company,plantlocation,market,zipcode,numberkilns,finishgrindingcapacity,year,fuel,process,clinkercapacitytonsday,clinkercapacitytonsyear,id
"Blue Circle","Harleyville","0","30318","1","1382","1963","C(G)","Dry",1334.44,1190,1
"Cemex","Knoxville","0","37924","1","590","1979","C(A)","Dry",596.045,555,2
"Giant Cement","Harleyville","0","29448","1","889","1951","CA(G)","Wet",885.855,788,4
"Holnam Cement","Holly Hill","0","29059","1","1088","1966","CKA(O)","Wet",1076.02,967,6
"Medusa Cement","Clinchfield","0","31013","1","734","1961","C(A)","Dry",865,697,10
"Rc Cement","Chattanooga","0","37405","1","472","1956","C(K)","Wet",437.27,398,11
"Roanoke Cement","Cloverdale","0","24077","1","1088","1951","CK(OG)","Dry",1000.83,899,12
"Allentown Cement","Blandon","1","19510","1","0","1965","CK","Dry",993.53,844,13
"Capitol Cement","Martinsburg","1","25401","1","871","1955","CK","Wet",945.715,868,14
"Essroc Materials","Nazareth I","1","21769","1","1034","1956","C","Dry",1744.335,1405,15
"Giant Cement","Bath","1","18014","1","604","1956","CA(O)","Wet",620.5,546,16
"Independent Cement","Hagerstown","1","21742","1","499","1971","C(OA)","Dry",525.235,453,17
"Lafarge","Whitehall","1","18052","1","824","1956","C(K)","Dry",876,791,18
"Lehigh Cement Company","Union Bridge","1","21791","1","0","1957","C(A)","Dry",1059.96,900,19
"Lone Star","Nazareth","1","18064","1","0","1949","C","Dry",629.99,569,20
"Rc Cement","Stockertown","1","18083","1","1016","1955","CK","Dry",930.385,828,23
"Blue Circle","Calera","2","35040","1","615","1956","CK(G)","Dry",629.26,578,25
"Holnam Cement","Theodore","2","39736","1","2077","1974","C(GA)","Dry",2019.545,1814,26
"Lafarge","Demopolis","2","36732","1","771","1977","C(A)","Dry",827.82,735,28
"Lehigh Cement Company","Leeds","2","35094","1","662","1976","C(GA)","Dry",761.39,644,29
"National Cement Co Of Alabama","Ragland","2","35131","1","1088","1975","C(GA)","Dry",860.67,811,31
"Centex","La Salle","3","61301","1","512","1974","C(GK)","Dry",496.765,453,34
"Essroc Materials","Logansport","3","46947","1","408","1962","A(K)","Wet",476.69,412,35
"Lafarge","Buffalo","3","52808","1","893","1981","C","Dry",989.88,843,36
"Lone Star","Greencastle","3","61348","1","1188","1969","CA(OA)","Wet",1357.435,1179,37
"Marquette","Dixon","3","61021","1","600","1956","C(G)","Dry",536.55,474,38
"Cemex","Xenia","4","45324","1","612","1974","C","Dry",607.36,544,40
"Essroc Materials","Speed","4","47172","1","878","1972","C(O)","Dry",1009.59,936,42
"Kosmos Cement","Louisville","4","40272","1","676","1974","C(O)","Dry",754.82,635,43
"Lehigh Cement Company","Mitchell","4","47446","1","726","1960","C(G)","Dry",811.395,689,44
"Ash Grove Cement","Foreman","5","71836","1","916","1958","C(GA)","Wet",1009.955,858,47
"Blue Circle","Tulsa","5","74116","1","526","1961","C","Dry",611.01,544,48
"Holnam Cement","Midlothian","5","77011","1","1361","1958","C(GA)","Dry",1714.77,1497,51
"North Texas Cement","Midlothian","5","76065","1","862","1966","CG(K)","Wet",893.52,813,53
"Texas Industries","Midlothian","5","78130","1","1179","1960","CA(G)","Wet",1211.8,1072,55
"Cemex","Lyons","6","80540","1","544","1980","C(G)","Dry",413.91,380,56
"Centex","Laramie","6","82070","1","619","1988","C(G)","Dry",430.335,395,57
"Dacotah Cement","Rapid City","6","57709","1","1365","1955","C(G)","Dry",830.74,682,58
"Holnam Cement","Florence","6","81226","1","1319","1946","C","Wet",1297.575,1154,59
"Holnam Cement","Dundee","7","48131","1","1184","1959","C(K)","Wet",1026.38,942,63
"Lafarge","Alpena","7","49707","1","2732","1956","CKA","Dry",2813.055,2358,64
"Medusa Cement","Charlevoix","7","49720","1","1243","1980","C","Dry",1456.715,1237,66
"St Marys Cement","Detroit","7","48209","1","1088","1972","C(A)","Wet",662.11,590,67
"Florida Crushed Stone","Brooksville","8","34601","1","544","1987","C(A)","Dry",596.045,518,68
"Rinker Portland Cement","Miami","8","33165","1","604","1958","C(OGA)","Wet",546.04,500,71
"Southdown","Brooksville","8","33605","1","1224","1976","C(O)","Dry",1223.48,1102,72
"Tarmac America","Medley","8","33012","1","980","1969","C(O)","Wet",1016.525,895,74
"Ash Grove Cement","Louisville","9","68037","1","1591","1964","C(A)","Dry",1589.575,1335,75
"Lafarge","Sugar Creek","9","66736","1","825","1921","C(K)","Dry",916.15,827,77
"Lone Star","Pryor","9","74362","1","658","1960","CK(G)","Dry",678.535,622,78
"Monarch Cement","Humboldt","9","66748","1","769","1957","CK(GA)","Dry",719.78,611,80
"Rc Cement","Independence","9","67301","1","0","1917","K(CGA)","Dry",344.56,300,81
"California Portland Cement","Mojave","10","93502","1","2077","1963","C(OG)","Dry",1953.115,1771,82
"Cemex","Victorville","10","92392","1","1497","1965","C(GA)","Dry",1655.275,1461,83
"Lehigh Cement Company","Tehachapi","10","93548","1","762","1991","C(GK)","Dry",893.885,762,84
"Mitsubishi Cement","Lucerne Valley","10","92356","1","1542","1982","C(GOK)","Dry",1721.34,1547,85
"National Cement Co Of California","Encino","10","93243","1","635","1966","K(A)","Dry",662.11,590,86
"Royal Cement","Logandale","10","87021","1","227","1994","C","Dry",198.56,187,88
"Texas Industries","Oro Grande","10","92368","1","0","1948","CK(G)","Dry",1183.695,1070,89
"Holnam Cement","Mason City","11","46135","1","816","1966","C(K)","Dry",951.555,835,90
"Lehigh Cement Company","Mason City","11","50401","1","800","1978","C(GK)","Dry",860.67,725,91
"Blue Circle","Ravena","12","12143","1","1587","1953","CK(C)","Wet",1798.72,1596,93
"Dragon","Thomaston","12","4861","1","635","1971","C(A)","Wet",446.76,392,94
"Glens Falls Cement","Glens Falls","12","12801","1","472","1973","C(G)","Dry",562.83,463,95
"Independent Cement","Catskill","12","12414","1","726","1965","C","Wet",645.685,544,96
"Ash Grove Cement","Nephi","13","84648","1","571","1981","C(OA)","Dry",639.115,544,98
"California Portland Cement","Rillito","13","85654","1","1116","1948","C(GK)","Dry",1294.29,1171,99
"Phoenix Cement","Clarkdale","13","86324","1","702","1959","C(GK)","Dry",665.76,639,100
"Rio Grande Cement","Tijeras","13","87059","1","599","1959","C(G)","Dry",463.55,432,101
"Armstrong Cement","Cabot","14","16023","1","317","1926","C","Wet",337.99,294,103
"Essroc Materials","Bessemer","14","16112","1","757","1961","C","Wet",585.825,497,104
"Kosmos Cement","Pittsburgh","14","15225","1","472","1962","C(G)","Wet",413.91,349,105
"Medusa Cement","Wampum","14","16157","1","0","1959","C(A)","Dry",738.76,638,106
"Ash Grove Cement","Durkee","15","97905","1","1202","1929","GC(COA)","Dry",1032.95,923,107
"Holnam Cement","Three Forks","15","84050","1","634","1948","G(C)","Wet",665.395,611,108
"Alamo Cement","San Antonio","16","78265","1","1273","1981","CK(G)","Dry",811.03,713,112
"Capitol Aggregates","San Antonio","16","78265","1","771","1965","CGK","Dry",844.245,775,114
"Cemex","New Braunfels","16","78130","1","1560","1980","C(KA)","Dry",936.955,798,115
"Lone Star","Sweetwater","16","79556","1","508","1971","C(G)","Dry",497.13,441,120
"Southdown","Odessa","16","79760","1","751","1959","C(G)","Dry",529.615,478,121
"Texas Cement","Buda","16","78610","1","1025","1978","CG(GK)","Dry",1092.445,979,122
"Texas Industries","New Braunfels","16","78132","1","907","1980","C(GK)","Dry",827.82,760,123
"Centex","Fernley","17","89408","1","544","1964","C(GK)","Dry",463.55,418,124
"Kaiser Cement","Cupertino","17","95014","1","1394","1980","C(G)","Dry",1655.275,1406,125
"Lehigh Cement Company","Redding","17","96003","1","612","1981","C(GA)","Dry",695.325,590,126
"Rmc Pacific Materials","Davenport","17","95017","1","794","1981","C","Dry",827.82,726,127
"Ash Grove Cement","Seattle","18","98134","1","676","1992","C(G)","Dry",794.605,675,128
"Lafarge","Seattle","18","98106","1","635","1967","C(OGK)","Wet",453.695,418,130
"Continental Cement","Hannibal","19","63401","1","680","1966","CA","Wet",596.045,544,135
"Holnam Cement","Clarksville","19","63336","1","1270","1967","CK(A)","Wet",1324.22,1179,136
"Lafarge","Grand Chain","19","62941","1","1361","1963","C(G)","Dry",1208.515,1076,137
"Lone Star","Cape Girardeau","19","63701","1","1088","1981","C(D)","Dry",1215.085,1082,138
"Rc Cement","Festus","19","63028","1","1134","1965","K(A)","Dry",1224.94,1074,140
