company,plantlocation,market,zipcode,numberkilns,finishgrindingcapacity,year,fuel,process,clinkercapacitytonsday,clinkercapacitytonsyear,id
"Blue Circle","Atlanta","0","30318","1","659","1963","C(G)","Dry",629.1328,576,1
"Cemex","Knoxville","0","37924","1","550","1979","C(G)","Dry",546.3522,464,2
"Giant Cement","Harleyville","0","29448","1","800","1951","C(G)","Wet",884.097,707,4
"Gifford Hill","Harleyville","0","29448","1","686","1974","C(OG)","Dry",739.0655,621,5
"Holnam Cement","Holly Hill","0","29059","1","1740","1966","C(OG)","Wet",1059.592,955,6
"Medusa Cement","Clinchfield","0","31013","1","1094","1961","C(G)","Dry",754.9593,665,10
"Rc Cement","Chattanooga","0","37405","1","477","1956","C","Wet",450.3266,408,11
"Roanoke Cement","Cloverdale","0","24077","1","0","1951","C","Dry",1105.949,999,12
"Allentown Cement","Blandon","1","19510","1","875","1965","C","Dry",877.4746,754,13
"Capitol Cement","Martinsburg","1","25401","1","843","1955","C","Wet",804.2967,711,14
"Essroc Materials","Nazareth I","1","21769","1","1604","1956","C","Dry",1509.918,1244,15
"Giant Cement","Bath","1","18014","1","625","1956","C(O)","Wet",599.3318,527,16
"Independent Cement","Hagerstown","1","21742","1","550","1971","C","Dry",525.4915,452,17
"Lafarge","Whitehall","1","18052","1","800","1956","C(O)","Dry",784.7604,689,18
"Lehigh Cement Company","Union Bridge","1","21791","1","980","1957","C","Dry",993.3676,844,19
"Lone Star","Nazareth","1","18064","1","0","1949","C","Dry",629.1328,565,20
"Rc Cement","Stockertown","1","18083","1","745","1955","C","Dry",622.5102,471,23
"Allied Products","Birmingham","2","35200","1","350","1927","C(G)","Wet",331.1226,312,24
"Blue Circle","Calera","2","35040","1","680","1956","C(G)","Dry",562.9082,518,25
"Holnam Cement","Theodore","2","36582","1","2234","1981","C(OG)","Dry",1454.29,1283,26
"Lafarge","Demopolis","2","36732","1","750","1977","C","Dry",761.5818,655,28
"Lehigh Cement Company","Leeds","2","35094","1","700","1976","C(G)","Dry",596.0206,506,29
"Lone Star","New Orleans","2","70129","1","750","1963","C(G)","Wet",728.4695,659,30
"National Cement Co Of Alabama","Ragland","2","35131","1","856","1975","C(OG)","Dry",761.5818,670,31
"United","Artesia","2","39736","1","525","1974","C","Wet",435.4261,414,32
"Centex","La Salle","3","61301","1","396","1974","C(G)","Dry",430.4593,401,34
"Essroc Materials","Logansport","3","46947","1","465","1962","C(G)","Wet",476.8164,412,35
"Lafarge","Buffalo","3","52808","1","1100","1981","C","Dry",860.9186,708,36
"Lone Star","Greencastle","3","61348","1","1222","1969","C(O)","Wet",1225.153,1057,37
"Marquette","Dixon","3","61021","1","0","1956","C(G)","Dry",537.0809,474,38
"Monarch Cement","Des Moines","3","50321","1","300","1941","C(G)","Wet",347.6786,286,39
"Cemex","Xenia","4","45324","1","737","1984","C(O)","Dry",607.6099,516,40
"Columbia Portland","East Fultonham","4","43735","1","600","1956","C","Wet",612.5767,537,41
"Essroc Materials","Speed","4","47172","1","1100","1972","C(G)","Dry",1026.48,849,42
"Kosmos Cement","Louisville","4","40272","1","800","1974","C","Dry",668.8675,572,43
"Lehigh Cement Company","Mitchell","4","47446","1","650","1960","C(G)","Dry",811.2501,689,44
"Lone Star","Pedro","4","45659","1","260","1962","C","Dry",254.9643,230,45
"Sme","Sylvania","4","44652","1","400","1923","C","Dry",463.5715,396,46
"Ash Grove Cement","Foreman","5","71836","1","1010","1958","C(G)","Wet",1009.924,858,47
"Blue Circle","Tulsa","5","74116","1","600","1961","C","Dry",611.2522,544,48
"General","Fort Worth","5","76106","1","1206","1940","C(G)","Wet",1152.307,1040,50
"Holnam Cement","Ada","5","74820","1","1330","1929","C(G)","Wet",926.1496,857,51
"Lehigh Cement Company","Waco","5","76714","1","400","1929","C(G)","Dry",331.1226,282,52
"North Texas Cement","Midlothian","5","76065","1","900","1966","C(OG)","Wet",824.4951,753,53
"Southwestern","Amarillo","5","79106","1","305","1963","C(G)","Wet",245.0307,208,54
"Texas Industries","Midlothian","5","79106","1","1400","1960","C(G)","Wet",1158.929,1076,55
"Cemex","Lyons","6","80540","1","633","1980","CO(G)","Dry",459.2669,390,56
"Dacotah Cement","Rapid City","6","57709","1","1843","1951","C(OG)","Dry",1043.036,857,58
"Holnam Cement","Florence","6","81226","1","1600","1946","C(G)","Wet",1325.815,1169,59
"General","Paulding","7","45879","1","554","1956","C","Wet",499.995,450,62
"Holnam Cement","Dundee","7","48131","1","0","1959","C","Wet",927.143,832,63
"Lafarge","Alpena","7","49707","1","2450","1962","C","Dry",2080.112,1798,64
"Medusa Cement","Charlevoix","7","49720","1","1810","1980","C","Dry",1456.939,1189,66
"St Marys Cement","Detroit","7","48209","1","1152","1972","C","Wet",662.2451,572,67
"General","Tampa","8","80540","1","1260","1958","C(O)","Wet",1139.061,1003,70
"Rinker Portland Cement","Miami","8","33165","1","655","1958","C(OG)","Wet",550.3256,500,71
"Southdown","Brooksville","8","33605","1","1356","1976","C(O)","Dry",1092.704,986,72
"Tarmac America","Medley","8","33012","1","1200","1969","CG(O)","Wet",1142.373,1033,74
"Ash Grove Cement","Louisville","9","68037","1","1752","1964","C(O)","Dry",1556.276,1322,75
"Ideal","Superior","9","68978","1","375","1968","C(G)","Wet",221.8521,198,76
"Lafarge","Fredonia","9","66736","1","407","1921","C(G)","Wet",397.3471,338,77
"Lone Star","Pryor","9","74362","1","1176","1923","C(G)","Dry",1132.439,1017,78
"Missouri Portland","Sugar Creek","9","64050","1","750","1953","C(G)","Dry",529.796,450,79
"Monarch Cement","Humboldt","9","66748","1","600","1957","C(G)","Dry",720.1915,611,80
"Rc Cement","Independence","9","67301","1","0","1917","CO","Dry",298.0102,252,81
"California Portland Cement","Mojave","10","93502","1","1700","1955","C(O)","Dry",2203.621,1941,82
"Cemex","Victorville","10","92392","1","1686","1965","C(OG)","Dry",1466.873,1247,83
"Lehigh Cement Company","Tehachapi","10","93548","1","500","1974","C","Wet",471.8496,426,84
"Mitsubishi Cement","Lucerne Valley","10","92356","1","1600","1982","C(G)","Dry",1655.613,1379,85
"National Cement Co Of California","Encino","10","93243","1","610","1966","C(G)","Dry",594.3649,518,86
"Riverside Cement","Riverside","10","92502","1","730","1964","C(G)","Dry",913.8981,779,87
"Texas Industries","Oro Grande","10","92368","1","0","1948","C(OG)","Dry",1112.572,1001,89
"Holnam Cement","Mason City","11","50321","1","0","1960","C(G)","Dry",1092.704,804,90
"Lehigh Cement Company","Mason City","11","50401","1","800","1958","C(G)","Dry",827.8064,703,91
"Blue Circle","Ravena","12","12143","1","1600","1953","C","Wet",1589.388,1350,93
"Dragon","Thomaston","12","4861","1","762","1971","C(O)","Wet",430.4593,396,94
"Glens Falls Cement","Glens Falls","12","12801","1","385","1973","C(G)","Dry",579.4644,464,95
"Independent Cement","Catskill","12","12414","1","770","1965","C(O)","Wet",629.1328,534,96
"Lehigh Cement Company","Cementon","12","12415","1","560","1964","C","Wet",596.0206,506,97
"Ash Grove Cement","Nephi","13","84648","1","633","1981","C","Dry",589.3981,501,98
"California Portland Cement","Rillito","13","85654","1","1170","1948","C(O)","Dry",1109.26,955,99
"Phoenix Cement","Clarkdale","13","86324","1","627","1959","C(G)","Dry",546.3522,492,100
"Rio Grande Cement","Tijeras","13","87059","1","660","1959","C(G)","Dry",501.9818,429,101
"Armstrong Cement","Cabot","14","16023","1","0","1926","C","Wet",298.0102,274,103
"Essroc Materials","Bessemer","14","16112","1","1000","1961","C","Wet",662.245,553,104
"Kosmos Cement","Pittsburgh","14","15225","1","370","1962","C","Wet",397.347,327,105
"Medusa Cement","Wampum","14","16157","1","1016","1959","C","Dry",739.0655,658,106
"Ash Grove Cement","Durkee","15","97905","1","950","1929","C","Dry",706.9466,614,107
"Holnam Cement","Morgan","15","84050","1","725","1948","C(G)","Wet",643.3711,585,108
"Kaiser Cement","Clancy","15","59634","1","320","1963","C(G)","Wet",314.5664,276,110
"Lone Star","Salt Lake City","15","84104","1","420","1961","C(G)","Wet",397.3471,349,111
"Alamo Cement","San Antonio","16","78265","1","790","1981","C(G)","Dry",794.694,714,112
"Capitol Aggregates","San Antonio","16","78265","1","750","1965","C(G)","Dry",817.8726,762,114
"Cemex","New Braunfels","16","78130","1","1000","1980","C(OG)","Dry",993.3676,865,115
"Kaiser Cement","San Antonio","16","78217","1","490","1979","C(G)","Dry",827.8063,712,119
"Lone Star","Houston","16","79556","1","550","1931","G","Wet",1028.466,926,120
"Southdown","Odessa","16","79760","1","746","1959","C(G)","Dry",562.9083,478,121
"Texas Cement","Buda","16","78610","1","1300","1978","C(G)","Dry",1086.082,979,122
"Texas Industries","New Braunfels","16","78132","1","840","1980","C","Dry",662.2451,602,123
"Centex","Fernley","17","89408","1","539","1964","C(G)","Dry",397.347,370,124
"Kaiser Cement","Cupertino","17","95014","1","1600","1980","C(G)","Dry",1655.613,1379,125
"Lehigh Cement Company","Redding","17","96003","1","1230","1945","C(G)","Dry",1192.041,1028,126
"Rmc Pacific Materials","Davenport","17","95017","1","775","1981","C","Dry",794.694,675,127
"Columbia","Bellingham","18","98227","1","435","1948","C(OG)","Wet",355.9567,324,129
"Lafarge","Seattle","18","98106","1","700","1967","C(OG)","Wet",435.4261,417,130
"Lehigh Cement Company","Metaline Falls","18","99153","1","200","1949","C","Dry",198.6735,169,131
"Continental Cement","Hannibal","19","63401","1","600","1966","C","Wet",596.0206,529,135
"Holnam Cement","Clarksville","19","63336","1","1400","1967","C","Wet",1324.49,1165,136
"Lafarge","Grand Chain","19","62941","1","1612","1963","C(G)","Dry",546.3522,464,137
"Lone Star","Cape Girardeau","19","63701","1","1200","1981","C(O)","Dry",1107.605,999,138
"Rc Cement","Festus","19","63028","1","1120","1965","C(OG)","Dry",1192.041,1012,140
