company,plantlocation,market,zipcode,numberkilns,finishgrindingcapacity,year,fuel,process,clinkercapacitytonsday,clinkercapacitytonsyear,id
"Dixie","Kingsport","0","37662","1","680","1926","C","Wet",542.3787,491,3
"Giant Cement","Harleyville","0","29448","1","855","1951","C(OG)","Wet",894.0308,698,4
"Gifford Hill","Harleyville","0","29448","1","650","1974","C(OG)","Dry",549.6634,500,5
"Holnam Cement","Holly Hill","0","29059","1","1700","1966","C(OG)","Wet",1059.592,958,6
"Ideal","Castle Hayne","0","37924","1","750","1963","C(O)","Wet",1092.042,940,7
"Martin Marietta","Atlanta","0","30318","1","634","1963","C(G)","Dry",593.3716,544,9
"Medusa Cement","Clinchfield","0","31013","1","790","1961","C(G)","Dry",761.5818,670,10
"Rc Cement","Chattanooga","0","37405","1","477","1956","C","Wet",445.0286,400,11
"Roanoke Cement","Cloverdale","0","24077","1","1200","1951","C(G)","Dry",1105.949,998,12
"Allentown Cement","Blandon","1","19510","1","0","1965","C","Dry",874.1634,748,13
"Capitol Cement","Martinsburg","1","25401","1","935","1955","C","Wet",886.7461,814,14
"Essroc Materials","Nazareth I","1","21769","1","1525","1956","C","Dry",1498.66,1218,15
"Giant Cement","Bath","1","18014","1","625","1956","C(O)","Wet",599.3318,527,16
"Lafarge","Whitehall","1","18052","1","800","1956","C(O)","Dry",784.7604,693,18
"Lehigh Cement Company","Union Bridge","1","21791","1","950","1957","C","Dry",993.3676,844,19
"Lone Star","Nazareth","1","21742","1","1158","1949","C","Dry",1182.107,1006,20
"Rc Cement","Stockertown","1","18083","1","0","1955","C","Dry",639.0664,539,23
"Allied Products","Birmingham","2","35200","1","0","1927","G(O)","Wet",327.8113,317,24
"Blue Circle","Calera","2","35040","1","686","1956","C(G)","Dry",643.04,590,25
"Holnam Cement","Theodore","2","36582","1","2365","1981","C(G)","Dry",1454.29,1283,26
"Lafarge","Demopolis","2","36732","1","750","1977","C","Dry",747.0124,642,28
"Lehigh Cement Company","Leeds","2","35094","1","600","1976","C(OG)","Dry",596.0206,506,29
"Lone Star","New Orleans","2","70129","1","750","1963","C(OG)","Wet",695.3572,630,30
"National Cement Co Of Alabama","Ragland","2","35131","1","800","1975","C(OG)","Dry",794.694,729,31
"United","Artesia","2","39736","1","525","1974","C","Wet",435.4261,414,32
"Centex","La Salle","3","61301","1","380","1974","C(G)","Dry",430.4593,388,34
"Essroc Materials","Logansport","3","46947","1","465","1962","C","Wet",492.7104,440,35
"Lafarge","Buffalo","3","52808","1","850","1981","C","Dry",860.9186,734,36
"Lone Star","Greencastle","3","61348","1","1222","1969","C","Wet",1241.709,1090,37
"Marquette","Dixon","3","61021","1","0","1956","C(G)","Dry",623.5037,517,38
"Monarch Cement","Des Moines","3","50321","1","300","1941","C(G)","Wet",380.7909,345,39
"Cemex","Xenia","4","45324","1","730","1955","C","Dry",740.0589,628,40
"Columbia Portland","East Fultonham","4","43735","1","700","1957","C(O)","Wet",602.6431,546,41
"Essroc Materials","Speed","4","47172","1","1094","1972","C","Dry",1026.48,846,42
"Kosmos Cement","Louisville","4","40272","1","660","1974","C(G)","Dry",695.3573,591,43
"Lehigh Cement Company","Mitchell","4","47446","1","725","1960","C(G)","Dry",811.2501,689,44
"Lone Star","Pedro","4","45659","1","260","1962","C","Dry",254.9643,230,45
"Sme","Sylvania","4","44652","1","300","1923","C","Dry",629.1328,534,46
"Ash Grove Cement","Foreman","5","71836","1","1000","1958","C(G)","Wet",844.3623,703,47
"Blue Circle","Tulsa","5","74116","1","630","1961","C","Dry",619.8613,570,48
"General","Fort Worth","5","76106","1","1206","1940","C(G)","Wet",1148.333,1036,50
"Holnam Cement","Ada","5","74820","1","1330","1929","C(G)","Wet",926.1496,860,51
"Lehigh Cement Company","Waco","5","76714","1","390","1929","G","Dry",314.5664,268,52
"North Texas Cement","Midlothian","5","76065","1","900","1966","C(OG)","Wet",824.4951,753,53
"Southwestern","Amarillo","5","79106","1","242","1963","C(G)","Wet",245.6929,209,54
"Texas Industries","Midlothian","5","79106","1","1400","1960","C(G)","Wet",1158.929,1104,55
"Cemex","Lyons","6","80540","1","471","1980","C(OG)","Dry",447.0154,410,56
"Dacotah Cement","Rapid City","6","57709","1","1100","1951","C(G)","Dry",993.3675,867,58
"Holnam Cement","Florence","6","81226","1","768","1946","C(G)","Wet",1320.848,1165,59
"Monolith","Laramie","6","82070","1","700","1961","C(G)","Wet",480.1277,453,60
"General","Paulding","7","45879","1","554","1956","C","Wet",499.995,450,62
"Holnam Cement","Dundee","7","48131","1","1000","1959","C","Wet",927.143,832,63
"Lafarge","Alpena","7","49707","1","2450","1954","C","Dry",2045.675,1786,64
"Medusa Cement","Charlevoix","7","49720","1","1320","1980","C","Dry",1473.495,1252,66
"St Marys Cement","Detroit","7","48209","1","1100","1972","C","Wet",715.2247,647,67
"General","Tampa","8","80540","1","1178","1958","C(O)","Wet",1072.837,949,70
"Rinker Portland Cement","Miami","8","33165","1","0","1958","C(OG)","Wet",539.7297,487,71
"Southdown","Brooksville","8","33605","1","1200","1976","C(O)","Dry",1158.929,1016,72
"Tarmac America","Medley","8","33012","1","1200","1969","CG(O)","Wet",1225.153,1102,74
"Ash Grove Cement","Louisville","9","68037","1","1306","1964","C(O)","Dry",1544.356,1311,75
"Ideal","Superior","9","68978","1","0","1968","C(G)","Wet",228.8057,204,76
"Lafarge","Fredonia","9","66736","1","407","1921","C(G)","Wet",397.347,350,77
"Lone Star","Pryor","9","74362","1","1176","1923","C(OG)","Dry",1132.439,1019,78
"Missouri Portland","Sugar Creek","9","64050","1","564","1953","C(G)","Dry",579.4644,508,79
"Monarch Cement","Humboldt","9","66748","1","600","1957","C(G)","Dry",653.9669,555,80
"Rc Cement","Independence","9","67301","1","0","1918","C(OG)","Dry",397.347,336,81
"California Portland Cement","Mojave","10","93502","1","0","1955","C(OG)","Dry",2203.621,1941,82
"Cemex","Victorville","10","92392","1","1400","1949","C(OG)","Dry",1225.153,1040,83
"Lehigh Cement Company","Tehachapi","10","93548","1","1000","1974","C(G)","Wet",496.6838,470,84
"Mitsubishi Cement","Lucerne Valley","10","92356","1","1600","1982","C(G)","Dry",1655.613,1379,85
"National Cement Co Of California","Encino","10","93243","1","610","1966","C(OG)","Dry",594.3649,518,86
"Riverside Cement","Riverside","10","92502","1","0","1964","C(OG)","Dry",874.1634,746,87
"Texas Industries","Oro Grande","10","92368","1","0","1948","C(OG)","Dry",1112.572,1001,89
"Holnam Cement","Mason City","11","52808","1","0","1960","C(G)","Dry",927.1431,785,90
"Lehigh Cement Company","Mason City","11","50401","1","750","1958","C(G)","Dry",827.8063,704,91
"Blue Circle","Ravena","12","12143","1","1550","1953","C(O)","Wet",1589.388,1350,93
"Dragon","Thomaston","12","4861","1","762","1971","C(O)","Wet",430.4593,396,94
"Glens Falls Cement","Glens Falls","12","12801","1","450","1973","C(G)","Dry",579.4644,493,95
"Independent Cement","Catskill","12","12414","1","600","1965","C","Wet",642.3777,511,96
"Lehigh Cement Company","Cementon","12","12415","1","550","1964","C","Wet",529.796,450,97
"Ash Grove Cement","Nephi","13","84648","1","650","1981","C","Dry",596.0206,547,98
"California Portland Cement","Rillito","13","85654","1","1170","1948","C(OG)","Dry",1109.26,955,99
"Phoenix Cement","Clarkdale","13","86324","1","0","1959","C(OG)","Dry",556.2858,503,100
"Rio Grande Cement","Tijeras","13","87059","1","660","1959","C(G)","Dry",501.9818,430,101
"Southwestern","El Paso","13","79943","1","330","1910","C(G)","Dry",264.898,224,102
"Armstrong Cement","Cabot","14","16023","1","0","1926","C","Wet",264.898,224,103
"Essroc Materials","Bessemer","14","16112","1","1000","1961","C","Wet",662.245,553,104
"Kosmos Cement","Pittsburgh","14","15225","1","370","1962","C","Wet",397.347,332,105
"Medusa Cement","Wampum","14","16157","1","750","1959","C","Dry",727.1451,646,106
"Ash Grove Cement","Durkee","15","97905","1","630","1979","C","Dry",501.6506,454,107
"Holnam Cement","Morgan","15","84050","1","360","1948","C(G)","Wet",643.3711,585,108
"Idaho Portland","Inkom","15","83245","1","425","1929","C(G)","Wet",211.9184,191,109
"Kaiser Cement","Clancy","15","59634","1","320","1963","C(G)","Wet",314.5664,276,110
"Lone Star","Salt Lake City","15","84104","1","420","1961","COG","Wet",463.5716,381,111
"Alamo Cement","San Antonio","16","78265","1","600","1981","C(G)","Dry",794.694,474,112
"Capitol Aggregates","San Antonio","16","78265","1","800","1965","C(G)","Wet",331.1225,307,114
"Cemex","New Braunfels","16","78130","1","925","1980","C(OG)","Dry",922.1763,794,115
"Centex","Corpus Christi","16","78408","1","0","1950","C(G)","Wet",278.143,252,116
"Gulf Coast Portland Cement","Houston","16","77011","1","940","1962","C(G)","Wet",314.5664,302,117
"Kaiser Cement","San Antonio","16","78217","1","490","1979","C(G)","Dry",827.8063,703,119
"Lone Star","Houston","16","79556","1","550","1931","G(O)","Wet",1135.75,977,120
"Southdown","Odessa","16","79760","1","550","1959","C(G)","Dry",562.9083,478,121
"Texas Cement","Buda","16","78610","1","650","1978","C(G)","Dry",456.9491,425,122
"Texas Industries","New Braunfels","16","78130","1","840","1980","C(O)","Dry",662.2451,602,123
"Centex","Fernley","17","89408","1","470","1964","C(G)","Dry",397.347,358,124
"Kaiser Cement","Cupertino","17","95014","1","1600","1980","C(G)","Dry",1655.613,1379,125
"Lehigh Cement Company","Redding","17","96003","1","1370","1945","C(G)","Dry",1192.041,1040,126
"Rmc Pacific Materials","Davenport","17","95017","1","775","1981","C(OG)","Dry",746.6813,675,127
"Columbia","Bellingham","18","98227","1","450","1948","C(G)","Wet",350.9899,317,129
"Lafarge","Seattle","18","98106","1","700","1967","C(OG)","Wet",439.3996,421,130
"Lehigh Cement Company","Metaline Falls","18","99153","1","210","1914","C","Dry",231.7858,197,131
"Lone Star","Seattle","18","98134","1","752","1928","C(G)","Wet",208.6072,186,132
"Oregon Portland","Lake Oswego","18","97034","1","550","1946","C(G)","Wet",421.519,379,133
"Continental Cement","Hannibal","19","63401","1","600","1966","C","Wet",596.0206,506,135
"Holnam Cement","Clarksville","19","63336","1","1400","1967","C","Wet",1324.49,1154,136
"Lafarge","Joppa","19","92953","1","2926","1963","C","Dry",1804.618,1568,137
"Lone Star","Cape Girardeau","19","63701","1","1200","1981","C(O)","Dry",1043.036,900,138
"Rc Cement","Festus","19","63028","1","1060","1965","C(OG)","Dry",1192.041,1012,140
