company,plantlocation,market,zipcode,numberkilns,finishgrindingcapacity,year,fuel,process,clinkercapacitytonsday,clinkercapacitytonsyear,id
"Blue Circle","Harleyville","0","30318","1","0","1963","C","Dry",1468.76,1287,1
"Cemex","Clinchfield","0","37924","1","0","1978","C","Dry",1451.24,1372,2
"Giant Cement","Harleyville","0","29448","1","0","1952","CGKA","Wet",690.215,648,4
"Holnam Cement","Holly Hill","0","29059","1","0","2003","CK","Dry",2190,1860,6
"Rc Cement","Chattanooga","0","37405","1","0","2000","K","Dry",850.815,771,11
"Roanoke Cement","Cloverdale","0","24077","1","0","1996","C","Dry",1258.155,1120,12
"Essroc Materials","Nazareth I","1","25401","1","0","1949","C","Dry",3120.75,2653,15
"Giant Cement","Bath","1","18014","1","0","1956","C","Wet",638.75,609,16
"Independent Cement","Hagerstown","1","21742","1","0","1971","C","Dry",602.615,513,17
"Lafarge","Whitehall","1","18052","1","0","1965","C","Dry",776.355,702,18
"Lehigh Cement Company","Union Bridge","1","21791","1","0","1962","C","Dry",3295.585,2767,19
"Rc Cement","Stockertown","1","18083","1","0","1979","K","Dry",1026.015,908,23
"Blue Circle","Calera","2","35040","1","0","2002","C","Dry",1589.21,1498,25
"Holnam Cement","Theodore","2","39736","1","0","1974","CGK","Dry",2188.175,1859,26
"Lafarge","Demopolis","2","36732","1","0","1977","C","Dry",868.7,821,28
"Lehigh Cement Company","Leeds","2","35094","1","0","1976","C","Dry",761.39,716,29
"National Cement Co Of Alabama","Ragland","2","35131","1","0","1975","C","Dry",980.025,900,31
"Centex","La Salle","3","61301","1","0","1974","K","Dry",628.895,602,34
"Essroc Materials","Logansport","3","46947","1","0","1962","KA","Wet",474.5,404,35
"Lafarge","Buffalo","3","52808","1","0","1981","C","Dry",1085.51,946,36
"Lone Star","Greencastle","3","61348","1","0","1972","C","Dry",1953.115,1759,37
"Marquette","Dixon","3","61021","1","0","1955","K","Dry",570.86,544,38
"Cemex","Louisville","4","45385","1","0","1974","C","Dry",2198.975,2026,40
"Essroc Materials","Speed","4","47172","1","0","1972","C","Dry",966.52,821,42
"Lehigh Cement Company","Mitchell","4","47446","1","0","1960","C","Dry",843.88,776,44
"Ash Grove Cement","Midlothian","5","76065","1","0","1958","CK","Wet",1786.675,1680,47
"Blue Circle","Tulsa","5","74116","1","0","1961","C","Dry",729.635,688,48
"Holnam Cement","Midlothian","5","76065","1","0","1958","CG","Dry",3037.895,2582,51
"Lehigh Cement Company","Waco","5","76712","1","0","1968","GK","Wet",105.12,97,52
"Texas Industries","Midlothian","5","76065","1","0","1960","C","Dry",3399.975,3108,55
"Cemex","Lyons","6","80540","1","0","1980","C","Dry",540.2,486,56
"Centex","Laramie","6","82070","1","0","1996","C","Dry",651.525,597,57
"Dacotah Cement","Rapid City","6","57709","1","0","1955","C","Dry",922.72,851,58
"Holnam Cement","Florence","6","81226","1","0","2001","CGK","Dry",1919.9,1631,59
"Holnam Cement","Dundee","7","48131","1","0","1959","CK","Wet",1021.635,868,63
"Lafarge","Alpena","7","49707","1","0","1956","CK","Dry",2873.645,2618,64
"Medusa Cement","Charlevoix","7","49720","1","0","1979","C","Dry",1280.42,1211,66
"Florida Rock Industries","Newberry","8","32669","1","0","1999","C","Dry",776.72,726,69
"Rinker Portland Cement","Miami","8","34601","1","0","1987","C","Dry",1685.935,1533,71
"Southdown","Brooksville","8","33605","1","0","1976","C","Dry",1324.22,1056,72
"Suwannee American Cement","Branford","8","32008","1","0","2003","C","Dry",761.39,682,73
"Tarmac America","Medley","8","33178","1","0","2004","C","Dry",1655.275,1492,74
"Ash Grove Cement","Chanute","9","68037","1","0","1976","C","Dry",2532.37,2153,75
"Lafarge","Sugar Creek","9","66736","1","0","1936","C","Dry",1423.865,1342,77
"Lone Star","Pryor","9","74362","1","0","1917","CK","Dry",1012.145,953,78
"Monarch Cement","Humboldt","9","66748","1","0","1973","CK","Dry",870.525,787,80
"California Portland Cement","Mojave","10","93502","1","0","1962","C","Dry",2317.02,2043,82
"Cemex","Victorville","10","92392","1","0","1983","C","Dry",2884.96,2727,83
"Lehigh Cement Company","Tehachapi","10","93548","1","0","1991","C","Dry",1059.23,958,84
"Mitsubishi Cement","Lucerne Valley","10","92356","1","0","1982","C","Dry",1721.705,1543,85
"National Cement Co Of California","Encino","10","93243","1","0","1999","K","Dry",1125.66,1033,86
"Texas Industries","Oro Grande","10","92510","1","0","1948","C","Dry",1339.915,1187,89
"Holnam Cement","Mason City","11","50401","1","0","1966","CGK","Dry",1142.45,971,90
"Lehigh Cement Company","Mason City","11","50401","1","0","1978","C","Dry",860.67,755,91
"Blue Circle","Ravena","12","12143","1","0","1962","C","Wet",1873.91,1720,93
"Dragon","Thomaston","12","4861","1","0","1971","CK","Wet",446.76,392,94
"Glens Falls Cement","Glens Falls","12","12801","1","0","1973","C","Dry",614.295,586,95
"Independent Cement","Catskill","12","12414","1","0","1964","C","Wet",694.96,580,96
"Ash Grove Cement","Nephi","13","84648","1","0","1981","C","Dry",927.1,810,98
"California Portland Cement","Rillito","13","85654","1","0","1949","C","Dry",1572.42,1332,99
"Phoenix Cement","Clarkdale","13","86324","1","0","1959","CK","Dry",1588.845,1477,100
"Rio Grande Cement","Tijeras","13","87059","1","0","1959","C","Dry",463.55,432,101
"Armstrong Cement","Cabot","14","16023","1","0","1926","C","Wet",310.98,286,103
"Essroc Materials","Bessemer","14","16112","1","0","1961","C","Wet",664.3,564,104
"Medusa Cement","Wampum","14","16157","1","0","1958","C","Dry",827.09,658,106
"Ash Grove Cement","Durkee","15","97905","1","0","1928","C","Dry",1547.235,1369,107
"Holnam Cement","Morgan","15","84050","1","0","1973","CGK","Dry",1157.05,984,108
"Alamo Cement","San Antonio","16","78265","1","0","1981","CK","Dry",913.595,821,112
"Capitol Aggregates","San Antonio","16","78265","1","0","1965","CK","Dry",959.95,868,114
"Cemex","New Braunfels","16","79760","1","0","1958","K","Dry",1581.18,1546,115
"Lone Star","Sweetwater","16","79556","1","0","1971","C","Dry",520.125,468,120
"Texas Cement","Buda","16","78610","1","0","1978","C","Dry",1207.42,1125,122
"Texas Industries","New Braunfels","16","78132","1","0","1979","C","Dry",844.245,780,123
"Centex","Fernley","17","89408","1","0","1964","CK","Dry",484.72,452,124
"Kaiser Cement","Cupertino","17","95014","1","0","1981","CK","Dry",1655.275,1497,125
"Lehigh Cement Company","Redding","17","96003","1","0","1981","C","Dry",675.25,592,126
"Rmc Pacific Materials","Davenport","17","95017","1","0","1981","C","Dry",898.63,812,127
"Ash Grove Cement","Seattle","18","98134","1","0","1992","C","Dry",794.605,675,128
"Lafarge","Seattle","18","98106","1","0","1967","K","Wet",463.55,425,130
"Continental Cement","Hannibal","19","63401","1","0","1966","CGA","Wet",595.68,549,135
"Holnam Cement","Clarksville","19","63336","1","0","1967","COK","Wet",1460.73,1241,136
"Lafarge","Grand Chain","19","62941","1","0","1963","K","Dry",1184.425,1055,137
"Lone Star","Cape Girardeau","19","63701","1","0","1965","CK","Dry",2704.65,2449,138
