company,plantlocation,market,zipcode,numberkilns,finishgrindingcapacity,year,fuel,process,clinkercapacitytonsday,clinkercapacitytonsyear,id
"Blue Circle","Harleyville","0","29448","1","0","1988","C","Dry",1059.23,978,1
"Cemex","Clinchfield","0","37924","1","0","1978","C","Dry",1584.1,1456,2
"Giant Cement","Harleyville","0","29448","1","0","2005","C","Dry",943.525,848,4
"Holnam Cement","Holly Hill","0","29059","1","0","2003","C","Dry",1960.78,1687,6
"Rc Cement","Chattanooga","0","37405","1","0","2000","KO","Dry",902.28,816,11
"Roanoke Cement","Cloverdale","0","24077","1","0","1996","C","Dry",1258.155,1138,12
"Essroc Materials","Nazareth I","1","25401","1","0","1955","CK","Dry",2641.505,2318,15
"Giant Cement","Bath","1","18014","1","0","1956","C","Wet",673.06,602,16
"Independent Cement","Hagerstown","1","21742","1","0","1971","C","Dry",602.615,548,17
"Lafarge","Whitehall","1","18052","1","0","1965","C","Dry",776.355,702,18
"Lehigh Cement Company","Union Bridge","1","21791","1","0","1962","C","Dry",3441.585,3186,19
"Rc Cement","Stockertown","1","18083","1","0","1979","K","Dry",984.405,886,23
"Blue Circle","Calera","2","35040","1","0","2002","C","Dry",1589.21,1467,25
"Holnam Cement","Theodore","2","39736","1","0","1974","C","Dry",2157.515,1855,26
"Lafarge","Demopolis","2","36732","1","0","1977","K","Dry",943.525,853,28
"Lehigh Cement Company","Leeds","2","35094","1","0","1976","C","Dry",761.39,716,29
"National Cement Co Of Alabama","Ragland","2","35131","1","0","1975","C","Dry",988.055,907,31
"Centex","La Salle","3","61301","1","0","1974","K","Dry",628.895,602,34
"Essroc Materials","Logansport","3","46947","1","0","1962","K","Wet",451.87,396,35
"Lafarge","Buffalo","3","52808","1","0","1981","C","Dry",1115.805,975,36
"Lone Star","Greencastle","3","61348","1","0","1972","C","Dry",2002.755,1817,37
"Marquette","Dixon","3","61021","1","0","1955","K","Dry",661.38,644,38
"Cemex","Louisville","4","45385","1","0","1974","CK","Dry",2289.645,2099,40
"Essroc Materials","Speed","4","47172","1","0","1972","C","Dry",1047.185,919,42
"Lehigh Cement Company","Mitchell","4","47446","1","0","1960","C","Dry",843.88,776,44
"Ash Grove Cement","Midlothian","5","76065","1","0","1958","C","Wet",1835.95,1745,47
"Blue Circle","Tulsa","5","74116","1","0","1961","C","Dry",652.255,608,48
"Holnam Cement","Midlothian","5","76065","1","0","1958","C","Dry",2943.725,2529,51
"Lehigh Cement Company","Waco","5","76712","1","0","1968","OK","Wet",106.945,100,52
"Texas Industries","Midlothian","5","76065","1","0","1960","C","Dry",3399.975,3056,55
"Cemex","Lyons","6","80540","1","0","1980","C","Dry",522.68,470,56
"Centex","Laramie","6","82070","1","0","1996","C","Dry",612.105,573,57
"Dacotah Cement","Rapid City","6","57709","1","0","1955","C","Dry",973.09,898,58
"Holnam Cement","Florence","6","81226","1","0","2001","C","Dry",1881.575,1542,59
"Holnam Cement","Dundee","7","48131","1","0","1959","K","Wet",947.175,830,63
"Lafarge","Alpena","7","49707","1","0","1956","C","Dry",2893.355,2704,64
"Medusa Cement","Charlevoix","7","49720","1","0","1979","CK","Dry",1407.075,1234,66
"Florida Rock Industries","Newberry","8","32669","1","0","1999","C","Dry",787.305,708,69
"Rinker Portland Cement","Miami","8","34601","1","0","1987","C","Dry",1752,1590,71
"Southdown","Brooksville","8","33605","1","0","1976","C","Dry",1350.5,1258,72
"Suwannee American Cement","Branford","8","32008","1","0","2003","C","Dry",857.02,820,73
"Tarmac America","Medley","8","33178","1","0","2004","C","Dry",1738.13,1634,74
"Ash Grove Cement","Chanute","9","68037","1","0","1976","C","Dry",3011.98,2679,75
"Lafarge","Sugar Creek","9","66736","1","0","1936","C","Dry",1431.895,1336,77
"Lone Star","Pryor","9","74362","1","0","1917","CK","Dry",1110.33,977,78
"Monarch Cement","Humboldt","9","66748","1","0","1973","CK","Dry",1090.985,882,80
"California Portland Cement","Mojave","10","93502","1","0","1962","C","Dry",2330.525,2055,82
"Cemex","Victorville","10","92392","1","0","1983","CK","Dry",2933.505,2717,83
"Lehigh Cement Company","Tehachapi","10","93548","1","0","1991","C","Dry",1059.23,958,84
"Mitsubishi Cement","Lucerne Valley","10","92356","1","0","1982","C","Dry",1721.705,1543,85
"National Cement Co Of California","Encino","10","91436","1","0","1999","K","Dry",1125.66,1033,86
"Texas Industries","Oro Grande","10","92510","1","0","1943","C","Dry",1325.68,1207,89
"Holnam Cement","Mason City","11","50401","1","0","1966","C","Dry",1001.56,896,90
"Lehigh Cement Company","Mason City","11","50401","1","0","1978","C","Dry",860.67,731,91
"Blue Circle","Ravena","12","12143","1","0","1962","C","Wet",1976.475,1693,93
"Dragon","Thomaston","12","4861","1","0","2004","K","Dry",845.705,776,94
"Glens Falls Cement","Glens Falls","12","12801","1","0","1973","C","Dry",614.295,586,95
"Independent Cement","Catskill","12","12414","1","0","1964","C","Wet",694.96,580,96
"Ash Grove Cement","Nephi","13","84648","1","0","1981","C","Dry",927.1,833,98
"California Portland Cement","Rillito","13","85654","1","0","1949","C","Dry",1572.42,1332,99
"Phoenix Cement","Clarkdale","13","86324","1","0","1959","CK","Dry",1588.845,1477,100
"Rio Grande Cement","Tijeras","13","87059","1","0","1959","C","Dry",463.55,432,101
"Armstrong Cement","Cabot","14","16023","1","0","1928","C","Wet",297.84,264,103
"Essroc Materials","Bessemer","14","16112","1","0","1961","C","Wet",689.12,605,104
"Medusa Cement","Wampum","14","16157","1","0","1958","C","Dry",854.1,771,106
"Ash Grove Cement","Durkee","15","97905","1","0","1928","C","Dry",1580.45,1451,107
"Holnam Cement","Morgan","15","84050","1","0","1973","C","Dry",1090.985,989,108
"Alamo Cement","San Antonio","16","78265","1","0","1981","CK","Dry",946.81,852,112
"Capitol Aggregates","San Antonio","16","78265","1","0","1965","C","Dry",959.95,858,114
"Cemex","New Braunfels","16","79760","1","0","1958","KA","Dry",1588.845,1450,115
"Lone Star","Sweetwater","16","79556","1","0","1971","C","Dry",514.285,463,120
"Texas Cement","Buda","16","78610","1","0","1978","C","Dry",1216.91,1134,122
"Texas Industries","New Braunfels","16","78132","1","0","1979","C","Dry",844.245,780,123
"Centex","Fernley","17","89408","1","0","1964","CK","Dry",484.72,452,124
"Kaiser Cement","Cupertino","17","95014","1","0","1981","C","Dry",1655.275,1497,125
"Lehigh Cement Company","Redding","17","96003","1","0","1981","C","Dry",675.25,592,126
"Rmc Pacific Materials","Davenport","17","95017","1","0","1981","C","Dry",910.31,823,127
"Ash Grove Cement","Seattle","18","98134","1","0","1992","C","Dry",794.605,675,128
"Lafarge","Seattle","18","98106","1","0","1976","C","Wet",463.55,387,130
"Continental Cement","Hannibal","19","63401","1","0","1966","C","Wet",595.68,547,135
"Holnam Cement","Clarksville","19","63336","1","0","1967","K","Wet",1231.51,948,136
"Lafarge","Grand Chain","19","62941","1","0","1963","K","Dry",1022.73,967,137
"Lone Star","Cape Girardeau","19","63701","1","0","1965","C","Dry",2582.375,2294,138
