company,plantlocation,market,zipcode,numberkilns,finishgrindingcapacity,year,fuel,process,clinkercapacitytonsday,clinkercapacitytonsyear,id
"Blue Circle","Harleyville","0","30318","1","0","1963","C","Dry",1792.88,1689,1
"Cemex","Clinchfield","0","37924","1","0","1978","C","Dry",1451.24,1372,2
"Giant Cement","Harleyville","0","29448","1","0","1952","CGKA","Wet",690.215,648,4
"Holnam Cement","Holly Hill","0","29059","1","0","2003","CG","Dry",2184.525,1856,6
"Rc Cement","Chattanooga","0","37405","1","0","2001","K","Dry",801.175,735,11
"Roanoke Cement","Cloverdale","0","24077","1","0","1996","C","Dry",1284.435,1179,12
"Essroc Materials","Nazareth I","1","25401","1","0","1949","C","Dry",3120.75,2643,15
"Giant Cement","Bath","1","18014","1","0","1956","C","Wet",655.175,595,16
"Independent Cement","Hagerstown","1","21742","1","0","1971","C","Dry",575.24,523,17
"Lafarge","Whitehall","1","18052","1","0","1965","C","Dry",835.85,691,18
"Lehigh Cement Company","Union Bridge","1","21791","1","0","1962","C","Dry",3282.445,2755,19
"Rc Cement","Stockertown","1","18083","1","0","1979","K","Dry",1050.835,907,23
"Blue Circle","Calera","2","35040","1","0","2002","C","Dry",1589.21,1498,25
"Holnam Cement","Theodore","2","39736","1","0","1974","CG","Dry",2187.445,1855,26
"Lafarge","Demopolis","2","36732","1","0","1977","C","Dry",868.7,821,28
"Lehigh Cement Company","Leeds","2","35094","1","0","1976","C","Dry",761.39,645,29
"National Cement Co Of Alabama","Ragland","2","35131","1","0","1975","C","Dry",980.025,900,31
"Centex","La Salle","3","61301","1","0","1974","K","Dry",628.895,602,34
"Essroc Materials","Logansport","3","46947","1","0","1962","KA","Wet",474.5,404,35
"Lafarge","Buffalo","3","52808","1","0","1981","C","Dry",1085.51,964,36
"Lone Star","Greencastle","3","61348","1","0","1972","C","Dry",1953.115,1759,37
"Marquette","Dixon","3","61021","1","0","1955","CK","Dry",515.745,463,38
"Cemex","Louisville","4","45385","1","0","1974","C","Dry",2153.35,1866,40
"Essroc Materials","Speed","4","47172","1","0","1972","C","Dry",966.52,821,42
"Lehigh Cement Company","Mitchell","4","47446","1","0","1960","C","Dry",843.88,776,44
"Ash Grove Cement","Midlothian","5","76065","1","0","1958","CK","Wet",1786.675,1643,47
"Blue Circle","Tulsa","5","74116","1","0","1961","C","Dry",729.635,688,48
"Holnam Cement","Midlothian","5","76065","1","0","1958","CG","Dry",3038.26,2580,51
"Lehigh Cement Company","Waco","5","76712","1","0","1968","GK","Wet",105.12,96,52
"Texas Industries","Midlothian","5","76065","1","0","1967","CA","Dry",2792.615,2536,55
"Cemex","Lyons","6","80503","1","0","1980","C","Dry",540.2,480,56
"Centex","Laramie","6","82070","1","0","1996","C","Dry",651.525,597,57
"Dacotah Cement","Rapid City","6","57709","1","0","1955","C","Dry",992.8,860,58
"Holnam Cement","Florence","6","81226","1","0","2001","CG","Dry",1965.89,1670,59
"Holnam Cement","Dundee","7","48131","1","0","1959","CGK","Wet",1019.08,866,63
"Lafarge","Alpena","7","49707","1","0","1956","CK","Dry",2984.97,2707,64
"Medusa Cement","Charlevoix","7","49720","1","0","1979","C","Dry",1280.42,1211,66
"Florida Rock Industries","Newberry","8","32669","1","0","1999","C","Dry",776.72,726,69
"Rinker Portland Cement","Miami","8","34601","1","0","1987","C","Dry",1619.505,1619.51,71
"Southdown","Brooksville","8","33605","1","0","1976","C","Dry",1324.22,1039,72
"Suwannee American Cement","Branford","8","32008","1","0","2003","C","Dry",761.39,682,73
"Tarmac America","Medley","8","33178","1","0","1968","C","Wet",717.395,574,74
"Ash Grove Cement","Chanute","9","68037","1","0","1976","C","Dry",2532.37,2151,75
"Lafarge","Sugar Creek","9","66736","1","0","1936","C","Dry",1388.46,1298,77
"Lone Star","Pryor","9","74362","1","0","1960","CK","Dry",661.745,625,78
"Monarch Cement","Humboldt","9","66748","1","0","1973","CK","Dry",870.525,787,80
"Rc Cement","Independence","9","67301","1","0","1917","K","Dry",362.08,308,81
"California Portland Cement","Mojave","10","93502","1","0","1962","C","Dry",2234.165,1969,82
"Cemex","Victorville","10","92392","1","0","1983","C","Dry",2805.755,2653,83
"Lehigh Cement Company","Tehachapi","10","93548","1","0","1991","C","Dry",1059.23,958,84
"Mitsubishi Cement","Lucerne Valley","10","92356","1","0","1982","C","Dry",1721.705,1543,85
"National Cement Co Of California","Encino","10","93243","1","0","1999","K","Dry",1125.66,1033,86
"Royal Cement","Logandale","10","87021","1","0","1994","C","Dry",201.845,180,88
"Texas Industries","Oro Grande","10","92510","1","0","1948","C","Dry",1337.36,1229,89
"Holnam Cement","Mason City","11","50401","1","0","1966","CGK","Dry",1139.895,969,90
"Lehigh Cement Company","Mason City","11","50401","1","0","1978","C","Dry",860.67,755,91
"Blue Circle","Ravena","12","12143","1","0","1962","C","Wet",1873.91,1720,93
"Dragon","Thomaston","12","4861","1","0","1971","CK","Wet",446.76,392,94
"Glens Falls Cement","Glens Falls","12","12801","1","0","1973","C","Dry",614.295,586,95
"Independent Cement","Catskill","12","12414","1","0","1964","C","Wet",591.665,504,96
"Ash Grove Cement","Nephi","13","84648","1","0","1981","C","Dry",860.67,731,98
"California Portland Cement","Rillito","13","85654","1","0","1949","C","Dry",1572.42,1332,99
"Phoenix Cement","Clarkdale","13","86324","1","0","1959","CK","Dry",1588.845,1477,100
"Rio Grande Cement","Tijeras","13","87059","1","0","1959","C","Dry",463.55,432,101
"Armstrong Cement","Cabot","14","16023","1","0","1926","C","Wet",310.98,286,103
"Essroc Materials","Bessemer","14","16112","1","0","1961","C","Wet",664.3,564,104
"Medusa Cement","Wampum","14","16157","1","0","1958","C","Dry",827.09,658,106
"Ash Grove Cement","Durkee","15","97905","1","0","1928","C","Dry",1539.205,1391,107
"Holnam Cement","Morgan","15","84050","1","0","1973","CG","Dry",1090.62,927,108
"Alamo Cement","San Antonio","16","78265","1","0","1981","CK","Dry",873.81,786,112
"Capitol Aggregates","San Antonio","16","78265","1","0","1965","CK","Dry",959.95,868,114
"Cemex","New Braunfels","16","79760","1","0","1958","K","Dry",1581.18,1438,115
"Lone Star","Sweetwater","16","79556","1","0","1971","C","Dry",521.22,521.22,120
"Texas Cement","Buda","16","78610","1","0","1978","C","Dry",1202.31,1120,122
"Texas Industries","New Braunfels","16","78132","1","0","1979","C","Dry",834.755,771,123
"Centex","Fernley","17","89408","1","0","1964","CK","Dry",484.72,452,124
"Kaiser Cement","Cupertino","17","95014","1","0","1981","CK","Dry",1655.275,1497,125
"Lehigh Cement Company","Redding","17","96003","1","0","1981","C","Dry",675.25,594,126
"Rmc Pacific Materials","Davenport","17","95017","1","0","1981","C","Dry",860.67,755,127
"Ash Grove Cement","Seattle","18","98134","1","0","1992","C","Dry",794.605,675,128
"Lafarge","Seattle","18","98106","1","0","1967","CK","Wet",463.55,421,130
"Continental Cement","Hannibal","19","63401","1","0","1966","CGA","Wet",595.68,549,135
"Holnam Cement","Clarksville","19","63336","1","0","1967","COK","Wet",1455.62,1237,136
"Lafarge","Grand Chain","19","62941","1","0","1963","C","Dry",1184.425,1055,137
"Lone Star","Cape Girardeau","19","63701","1","0","1981","C","Dry",1354.15,1265,138
"Rc Cement","Festus","19","63028","1","0","1965","K","Dry",1350.5,1184,140
